,danceability,energy,key,loudness,mode,speechiness,acousticness,instrumentalness,liveness,valence,tempo,type,id,uri,track_href,analysis_url,duration_ms,time_signature
0,0.851,0.843,11,-3.634,0,0.0447,0.255,0.000667,0.163,0.964,96.034,audio_features,31EqF298ZkU9U7DdOds0Zx,spotify:track:31EqF298ZkU9U7DdOds0Zx,https://api.spotify.com/v1/tracks/31EqF298ZkU9U7DdOds0Zx,https://api.spotify.com/v1/audio-analysis/31EqF298ZkU9U7DdOds0Zx,197120,4
1,0.543,0.962,4,-5.337,0,0.106,0.0274,0.027,0.09,0.639,193.66,audio_features,7d4pdMym8ZBOgf1oVPTiPb,spotify:track:7d4pdMym8ZBOgf1oVPTiPb,https://api.spotify.com/v1/tracks/7d4pdMym8ZBOgf1oVPTiPb,https://api.spotify.com/v1/audio-analysis/7d4pdMym8ZBOgf1oVPTiPb,275893,4
2,0.595,0.749,7,-6.627,1,0.0702,0.0216,0.0,0.244,0.888,192.579,audio_features,3MPKkfraGF4YO4kis5PILy,spotify:track:3MPKkfraGF4YO4kis5PILy,https://api.spotify.com/v1/tracks/3MPKkfraGF4YO4kis5PILy,https://api.spotify.com/v1/audio-analysis/3MPKkfraGF4YO4kis5PILy,283333,4
3,0.682,0.629,4,-10.538,1,0.128,0.497,2.83e-05,0.426,0.696,78.749,audio_features,64H5Dy5OI1R6cpoRn4ZM5t,spotify:track:64H5Dy5OI1R6cpoRn4ZM5t,https://api.spotify.com/v1/tracks/64H5Dy5OI1R6cpoRn4ZM5t,https://api.spotify.com/v1/audio-analysis/64H5Dy5OI1R6cpoRn4ZM5t,155933,1
4,0.543,0.557,9,-8.672,0,0.0908,0.383,1.04e-05,0.0837,0.401,81.926,audio_features,42e4yW4Xu2e8LdHQK6CnwG,spotify:track:42e4yW4Xu2e8LdHQK6CnwG,https://api.spotify.com/v1/tracks/42e4yW4Xu2e8LdHQK6CnwG,https://api.spotify.com/v1/audio-analysis/42e4yW4Xu2e8LdHQK6CnwG,233800,4
5,0.683,0.829,9,-7.777,0,0.0629,0.185,3.27e-06,0.151,0.698,150.417,audio_features,7FxhDl2TtdtWa7P490QGTS,spotify:track:7FxhDl2TtdtWa7P490QGTS,https://api.spotify.com/v1/tracks/7FxhDl2TtdtWa7P490QGTS,https://api.spotify.com/v1/audio-analysis/7FxhDl2TtdtWa7P490QGTS,161160,3
6,0.55,0.565,9,-9.346,0,0.0976,0.752,0.0671,0.169,0.53,121.012,audio_features,47WqMrlBfGBKHQoZsZgZzN,spotify:track:47WqMrlBfGBKHQoZsZgZzN,https://api.spotify.com/v1/tracks/47WqMrlBfGBKHQoZsZgZzN,https://api.spotify.com/v1/audio-analysis/47WqMrlBfGBKHQoZsZgZzN,225599,4
7,0.739,0.867,6,-2.547,0,0.1,0.538,0.0,0.283,0.927,91.074,audio_features,0aj6FKx25PL3hbhoUQzHNL,spotify:track:0aj6FKx25PL3hbhoUQzHNL,https://api.spotify.com/v1/tracks/0aj6FKx25PL3hbhoUQzHNL,https://api.spotify.com/v1/audio-analysis/0aj6FKx25PL3hbhoUQzHNL,159480,4
8,0.867,0.444,10,-7.414,0,0.189,0.827,0.813,0.0462,0.967,134.873,audio_features,6bMdAHzPO0ZtXsbTximfpc,spotify:track:6bMdAHzPO0ZtXsbTximfpc,https://api.spotify.com/v1/tracks/6bMdAHzPO0ZtXsbTximfpc,https://api.spotify.com/v1/audio-analysis/6bMdAHzPO0ZtXsbTximfpc,147173,4
9,0.781,0.287,9,-12.447,0,0.0893,0.901,0.881,0.274,0.76,121.622,audio_features,6B11DcP8lV8vq720QEfC9B,spotify:track:6B11DcP8lV8vq720QEfC9B,https://api.spotify.com/v1/tracks/6B11DcP8lV8vq720QEfC9B,https://api.spotify.com/v1/audio-analysis/6B11DcP8lV8vq720QEfC9B,166773,4
10,0.604,0.346,7,-11.004,0,0.0496,0.727,0.393,0.0273,0.643,135.439,audio_features,2joB3G4b527szRVC6L5VYL,spotify:track:2joB3G4b527szRVC6L5VYL,https://api.spotify.com/v1/tracks/2joB3G4b527szRVC6L5VYL,https://api.spotify.com/v1/audio-analysis/2joB3G4b527szRVC6L5VYL,222640,4
11,0.699,0.412,7,-12.978,1,0.0671,0.563,0.7,0.11,0.654,97.199,audio_features,0yPZHbdIEaotNZk99L0UIA,spotify:track:0yPZHbdIEaotNZk99L0UIA,https://api.spotify.com/v1/tracks/0yPZHbdIEaotNZk99L0UIA,https://api.spotify.com/v1/audio-analysis/0yPZHbdIEaotNZk99L0UIA,131707,1
12,0.54,0.34,9,-14.813,0,0.0641,0.361,0.0,0.0736,0.565,104.673,audio_features,6E3WENlXuQq28atvoA2GGV,spotify:track:6E3WENlXuQq28atvoA2GGV,https://api.spotify.com/v1/tracks/6E3WENlXuQq28atvoA2GGV,https://api.spotify.com/v1/audio-analysis/6E3WENlXuQq28atvoA2GGV,194267,4
13,0.74,0.463,0,-10.879,0,0.0591,0.915,0.0,0.0874,0.721,144.221,audio_features,5abGX6hxDsNQZayzLKQKbG,spotify:track:5abGX6hxDsNQZayzLKQKbG,https://api.spotify.com/v1/tracks/5abGX6hxDsNQZayzLKQKbG,https://api.spotify.com/v1/audio-analysis/5abGX6hxDsNQZayzLKQKbG,147667,3
14,0.646,0.47,7,-6.437,0,0.0306,0.604,2.2e-05,0.537,0.751,120.099,audio_features,6q6FPPStXQzQN3BEYbbmqm,spotify:track:6q6FPPStXQzQN3BEYbbmqm,https://api.spotify.com/v1/tracks/6q6FPPStXQzQN3BEYbbmqm,https://api.spotify.com/v1/audio-analysis/6q6FPPStXQzQN3BEYbbmqm,193253,3
15,0.486,0.777,6,-5.604,0,0.0424,0.0156,0.0,0.366,0.41,78.65,audio_features,7pu69nMDNOCxWrItckvpvU,spotify:track:7pu69nMDNOCxWrItckvpvU,https://api.spotify.com/v1/tracks/7pu69nMDNOCxWrItckvpvU,https://api.spotify.com/v1/audio-analysis/7pu69nMDNOCxWrItckvpvU,247800,4
16,0.614,0.876,9,-3.632,0,0.0299,0.385,1.08e-05,0.215,0.788,96.326,audio_features,6z6aUQtuqZzq2tbyVwHO6n,spotify:track:6z6aUQtuqZzq2tbyVwHO6n,https://api.spotify.com/v1/tracks/6z6aUQtuqZzq2tbyVwHO6n,https://api.spotify.com/v1/audio-analysis/6z6aUQtuqZzq2tbyVwHO6n,196307,4
17,0.406,0.771,4,-6.991,0,0.0562,0.128,0.0,0.127,0.42,132.002,audio_features,4ObkiTmpsSU31gqGhTb8SH,spotify:track:4ObkiTmpsSU31gqGhTb8SH,https://api.spotify.com/v1/tracks/4ObkiTmpsSU31gqGhTb8SH,https://api.spotify.com/v1/audio-analysis/4ObkiTmpsSU31gqGhTb8SH,336360,4
18,0.307,0.194,7,-15.239,0,0.0396,0.802,0.739,0.0888,0.323,127.956,audio_features,7FZeb3WUrCInAITFu9ZLJ8,spotify:track:7FZeb3WUrCInAITFu9ZLJ8,https://api.spotify.com/v1/tracks/7FZeb3WUrCInAITFu9ZLJ8,https://api.spotify.com/v1/audio-analysis/7FZeb3WUrCInAITFu9ZLJ8,232965,4
19,0.487,0.744,9,-5.949,0,0.193,0.375,0.0,0.0749,0.849,153.92,audio_features,0FEY980G19GmeiVBK2AYzA,spotify:track:0FEY980G19GmeiVBK2AYzA,https://api.spotify.com/v1/tracks/0FEY980G19GmeiVBK2AYzA,https://api.spotify.com/v1/audio-analysis/0FEY980G19GmeiVBK2AYzA,192027,3
20,0.441,0.901,5,-8.64,1,0.0442,0.158,0.00483,0.132,0.786,183.322,audio_features,76ibxRco0AGhgavIY4zSRh,spotify:track:76ibxRco0AGhgavIY4zSRh,https://api.spotify.com/v1/tracks/76ibxRco0AGhgavIY4zSRh,https://api.spotify.com/v1/audio-analysis/76ibxRco0AGhgavIY4zSRh,156307,4
21,0.356,0.949,9,-6.329,0,0.0572,0.000164,0.17,0.829,0.536,155.442,audio_features,6R2Gc5UhPYeCDn1tICzw6W,spotify:track:6R2Gc5UhPYeCDn1tICzw6W,https://api.spotify.com/v1/tracks/6R2Gc5UhPYeCDn1tICzw6W,https://api.spotify.com/v1/audio-analysis/6R2Gc5UhPYeCDn1tICzw6W,222653,4
22,0.49,0.651,7,-6.531,1,0.0816,0.638,0.0,0.152,0.726,87.312,audio_features,1dwaWqYsVcNeNYRaV8VdSm,spotify:track:1dwaWqYsVcNeNYRaV8VdSm,https://api.spotify.com/v1/tracks/1dwaWqYsVcNeNYRaV8VdSm,https://api.spotify.com/v1/audio-analysis/1dwaWqYsVcNeNYRaV8VdSm,190227,4
23,0.655,0.877,0,-3.23,0,0.0344,0.344,0.0,0.349,0.893,105.017,audio_features,3QHMxEOAGD51PDlbFPHLyJ,spotify:track:3QHMxEOAGD51PDlbFPHLyJ,https://api.spotify.com/v1/tracks/3QHMxEOAGD51PDlbFPHLyJ,https://api.spotify.com/v1/audio-analysis/3QHMxEOAGD51PDlbFPHLyJ,252347,4
24,0.746,0.915,7,-6.626,0,0.0675,0.505,4.02e-05,0.161,0.812,154.985,audio_features,3vCeDhrInX8te6SoaqZbvu,spotify:track:3vCeDhrInX8te6SoaqZbvu,https://api.spotify.com/v1/tracks/3vCeDhrInX8te6SoaqZbvu,https://api.spotify.com/v1/audio-analysis/3vCeDhrInX8te6SoaqZbvu,259013,4
25,0.735,0.817,1,-8.595,1,0.036,0.0414,5.14e-06,0.806,0.799,127.912,audio_features,2rHhKu1hW8uqyr7LSrRn8E,spotify:track:2rHhKu1hW8uqyr7LSrRn8E,https://api.spotify.com/v1/tracks/2rHhKu1hW8uqyr7LSrRn8E,https://api.spotify.com/v1/audio-analysis/2rHhKu1hW8uqyr7LSrRn8E,182867,4
26,0.736,0.793,9,-7.369,0,0.107,0.543,0.0,0.069,0.944,83.245,audio_features,7ueEszUgL2WSfqZC31AAiv,spotify:track:7ueEszUgL2WSfqZC31AAiv,https://api.spotify.com/v1/tracks/7ueEszUgL2WSfqZC31AAiv,https://api.spotify.com/v1/audio-analysis/7ueEszUgL2WSfqZC31AAiv,208840,3
27,0.567,0.943,6,-7.992,0,0.0387,0.0308,0.0966,0.544,0.965,128.207,audio_features,7uHO4AmKtyGa5v5fsElGoC,spotify:track:7uHO4AmKtyGa5v5fsElGoC,https://api.spotify.com/v1/tracks/7uHO4AmKtyGa5v5fsElGoC,https://api.spotify.com/v1/audio-analysis/7uHO4AmKtyGa5v5fsElGoC,199667,4
28,0.292,0.244,9,-13.873,1,0.0417,0.787,0.0,0.159,0.199,71.502,audio_features,41Aoeuvumi2qtF6XEUwzQZ,spotify:track:41Aoeuvumi2qtF6XEUwzQZ,https://api.spotify.com/v1/tracks/41Aoeuvumi2qtF6XEUwzQZ,https://api.spotify.com/v1/audio-analysis/41Aoeuvumi2qtF6XEUwzQZ,261800,5
29,0.675,0.958,11,-4.208,0,0.0611,0.17,0.0,0.965,0.813,128.006,audio_features,2HHyqgKE4f1BOhJmMfkVF4,spotify:track:2HHyqgKE4f1BOhJmMfkVF4,https://api.spotify.com/v1/tracks/2HHyqgKE4f1BOhJmMfkVF4,https://api.spotify.com/v1/audio-analysis/2HHyqgKE4f1BOhJmMfkVF4,201840,4
30,0.839,0.816,4,-5.887,1,0.202,0.201,4.11e-06,0.154,0.747,126.94,audio_features,51TuEPzSk7uwurgVJWxuh0,spotify:track:51TuEPzSk7uwurgVJWxuh0,https://api.spotify.com/v1/tracks/51TuEPzSk7uwurgVJWxuh0,https://api.spotify.com/v1/audio-analysis/51TuEPzSk7uwurgVJWxuh0,212805,4
31,0.803,0.767,0,-5.117,1,0.0552,0.00811,0.0,0.0525,0.759,128.016,audio_features,51gKgOdLRIjIKdf9xSUw3l,spotify:track:51gKgOdLRIjIKdf9xSUw3l,https://api.spotify.com/v1/tracks/51gKgOdLRIjIKdf9xSUw3l,https://api.spotify.com/v1/audio-analysis/51gKgOdLRIjIKdf9xSUw3l,174663,4
32,0.656,0.712,9,-7.072,1,0.0293,0.00615,0.231,0.0764,0.303,122.993,audio_features,7DIcFpIgNmzVCL6VCJb01D,spotify:track:7DIcFpIgNmzVCL6VCJb01D,https://api.spotify.com/v1/tracks/7DIcFpIgNmzVCL6VCJb01D,https://api.spotify.com/v1/audio-analysis/7DIcFpIgNmzVCL6VCJb01D,492295,4
33,0.803,0.927,11,-6.19,0,0.0619,0.067,6.49e-06,0.933,0.862,129.011,audio_features,4L4YgYtU6sGzQBdEXm6EM9,spotify:track:4L4YgYtU6sGzQBdEXm6EM9,https://api.spotify.com/v1/tracks/4L4YgYtU6sGzQBdEXm6EM9,https://api.spotify.com/v1/audio-analysis/4L4YgYtU6sGzQBdEXm6EM9,226947,4
34,0.62,0.864,4,-9.256,0,0.273,0.0416,0.00116,0.278,0.83,162.832,audio_features,5KtjZBKCKYugGQb8INNXyo,spotify:track:5KtjZBKCKYugGQb8INNXyo,https://api.spotify.com/v1/tracks/5KtjZBKCKYugGQb8INNXyo,https://api.spotify.com/v1/audio-analysis/5KtjZBKCKYugGQb8INNXyo,220893,4
35,0.585,0.52,6,-7.646,1,0.0476,0.699,0.0,0.194,0.72,75.179,audio_features,1inzE9vi5EfFlPaMD4FjjJ,spotify:track:1inzE9vi5EfFlPaMD4FjjJ,https://api.spotify.com/v1/tracks/1inzE9vi5EfFlPaMD4FjjJ,https://api.spotify.com/v1/audio-analysis/1inzE9vi5EfFlPaMD4FjjJ,134787,4
36,0.611,0.886,8,-9.843,0,0.0482,0.6,1.49e-06,0.0732,0.955,119.264,audio_features,0wODc6MEwLoMsTMwGpxy2F,spotify:track:0wODc6MEwLoMsTMwGpxy2F,https://api.spotify.com/v1/tracks/0wODc6MEwLoMsTMwGpxy2F,https://api.spotify.com/v1/audio-analysis/0wODc6MEwLoMsTMwGpxy2F,117699,4
37,0.431,0.425,2,-8.44,0,0.0383,0.798,0.0,0.0903,0.228,126.468,audio_features,2jlXvSTSt0OPeBxjr78Q7k,spotify:track:2jlXvSTSt0OPeBxjr78Q7k,https://api.spotify.com/v1/tracks/2jlXvSTSt0OPeBxjr78Q7k,https://api.spotify.com/v1/audio-analysis/2jlXvSTSt0OPeBxjr78Q7k,249000,3
38,0.521,0.589,4,-6.034,0,0.209,0.661,0.0,0.0804,0.348,133.069,audio_features,5HIXwsSwowXq6zerUeqD7l,spotify:track:5HIXwsSwowXq6zerUeqD7l,https://api.spotify.com/v1/tracks/5HIXwsSwowXq6zerUeqD7l,https://api.spotify.com/v1/audio-analysis/5HIXwsSwowXq6zerUeqD7l,165533,4
39,0.674,0.537,1,-10.971,0,0.0363,0.566,0.0,0.131,0.809,110.578,audio_features,2SpEHTbUuebeLkgs9QB7Ue,spotify:track:2SpEHTbUuebeLkgs9QB7Ue,https://api.spotify.com/v1/tracks/2SpEHTbUuebeLkgs9QB7Ue,https://api.spotify.com/v1/audio-analysis/2SpEHTbUuebeLkgs9QB7Ue,161533,4
40,0.498,0.39,2,-12.121,0,0.0308,0.674,1.06e-05,0.154,0.124,99.06,audio_features,6XFTgDWeCXkkomVnn8Jrmp,spotify:track:6XFTgDWeCXkkomVnn8Jrmp,https://api.spotify.com/v1/tracks/6XFTgDWeCXkkomVnn8Jrmp,https://api.spotify.com/v1/audio-analysis/6XFTgDWeCXkkomVnn8Jrmp,120200,4
41,0.327,0.408,0,-11.033,0,0.0332,0.708,0.00094,0.21,0.278,117.774,audio_features,5IeNn6wPIke56JVRQJjAxt,spotify:track:5IeNn6wPIke56JVRQJjAxt,https://api.spotify.com/v1/tracks/5IeNn6wPIke56JVRQJjAxt,https://api.spotify.com/v1/audio-analysis/5IeNn6wPIke56JVRQJjAxt,202600,3
42,0.34,0.857,2,-5.92,0,0.114,0.0385,0.000251,0.693,0.288,128.113,audio_features,5TLojom0hRkSTWPyJqGFXZ,spotify:track:5TLojom0hRkSTWPyJqGFXZ,https://api.spotify.com/v1/tracks/5TLojom0hRkSTWPyJqGFXZ,https://api.spotify.com/v1/audio-analysis/5TLojom0hRkSTWPyJqGFXZ,276133,4
43,0.737,0.411,2,-13.116,0,0.0415,0.605,0.000707,0.155,0.598,120.05,audio_features,7ixLlCtgYEfGXzzur5mhty,spotify:track:7ixLlCtgYEfGXzzur5mhty,https://api.spotify.com/v1/tracks/7ixLlCtgYEfGXzzur5mhty,https://api.spotify.com/v1/audio-analysis/7ixLlCtgYEfGXzzur5mhty,185813,4
44,0.361,0.528,11,-9.397,0,0.0816,0.756,4.81e-05,0.283,0.169,86.503,audio_features,4PWOQUEfx2dzEJleMs8oDP,spotify:track:4PWOQUEfx2dzEJleMs8oDP,https://api.spotify.com/v1/tracks/4PWOQUEfx2dzEJleMs8oDP,https://api.spotify.com/v1/audio-analysis/4PWOQUEfx2dzEJleMs8oDP,222333,4
45,0.225,0.646,9,-7.564,0,0.0552,0.812,0.00757,0.516,0.453,46.385,audio_features,6Hwtd6XwSy5UGU0RgMhEhx,spotify:track:6Hwtd6XwSy5UGU0RgMhEhx,https://api.spotify.com/v1/tracks/6Hwtd6XwSy5UGU0RgMhEhx,https://api.spotify.com/v1/audio-analysis/6Hwtd6XwSy5UGU0RgMhEhx,86893,4
46,0.496,0.375,5,-12.116,1,0.0465,0.816,0.000341,0.0886,0.243,82.421,audio_features,4G3RmLYNiekM8MF6PBd2Sd,spotify:track:4G3RmLYNiekM8MF6PBd2Sd,https://api.spotify.com/v1/tracks/4G3RmLYNiekM8MF6PBd2Sd,https://api.spotify.com/v1/audio-analysis/4G3RmLYNiekM8MF6PBd2Sd,203240,4
47,0.528,0.49,0,-7.927,1,0.0486,0.909,0.0,0.11,0.588,82.69,audio_features,3tTM43fOrEEt46y9qjuBBh,spotify:track:3tTM43fOrEEt46y9qjuBBh,https://api.spotify.com/v1/tracks/3tTM43fOrEEt46y9qjuBBh,https://api.spotify.com/v1/audio-analysis/3tTM43fOrEEt46y9qjuBBh,136332,4
48,0.417,0.338,11,-9.562,1,0.0523,0.917,3.4e-05,0.22,0.235,77.484,audio_features,2NcLlfT0DFJM4c8vjvbqy3,spotify:track:2NcLlfT0DFJM4c8vjvbqy3,https://api.spotify.com/v1/tracks/2NcLlfT0DFJM4c8vjvbqy3,https://api.spotify.com/v1/audio-analysis/2NcLlfT0DFJM4c8vjvbqy3,269867,4
49,0.385,0.393,0,-10.326,1,0.0385,0.891,0.0,0.104,0.541,78.843,audio_features,03m03OVQGPuzt8Rw2r0a7t,spotify:track:03m03OVQGPuzt8Rw2r0a7t,https://api.spotify.com/v1/tracks/03m03OVQGPuzt8Rw2r0a7t,https://api.spotify.com/v1/audio-analysis/03m03OVQGPuzt8Rw2r0a7t,123160,4
50,0.464,0.795,1,-9.267,1,0.0926,0.0493,0.00244,0.399,0.612,158.691,audio_features,63T7DJ1AFDD6Bn8VzG6JE8,spotify:track:63T7DJ1AFDD6Bn8VzG6JE8,https://api.spotify.com/v1/tracks/63T7DJ1AFDD6Bn8VzG6JE8,https://api.spotify.com/v1/audio-analysis/63T7DJ1AFDD6Bn8VzG6JE8,202267,4
51,0.429,0.631,4,-11.514,0,0.0769,7.85e-05,0.00411,0.175,0.376,162.734,audio_features,1jzDzZWeSDBg5fhNc3tczV,spotify:track:1jzDzZWeSDBg5fhNc3tczV,https://api.spotify.com/v1/tracks/1jzDzZWeSDBg5fhNc3tczV,https://api.spotify.com/v1/audio-analysis/1jzDzZWeSDBg5fhNc3tczV,168440,4
52,0.255,0.964,6,-6.47,0,0.0852,0.00601,0.192,0.97,0.403,131.181,audio_features,4a0FKVo59iFgye3zjizWPf,spotify:track:4a0FKVo59iFgye3zjizWPf,https://api.spotify.com/v1/tracks/4a0FKVo59iFgye3zjizWPf,https://api.spotify.com/v1/audio-analysis/4a0FKVo59iFgye3zjizWPf,208013,4
53,0.594,0.571,10,-7.943,0,0.0285,0.526,0.163,0.204,0.674,100.827,audio_features,4P60VVMdkWcwGMBC7r4Kgp,spotify:track:4P60VVMdkWcwGMBC7r4Kgp,https://api.spotify.com/v1/tracks/4P60VVMdkWcwGMBC7r4Kgp,https://api.spotify.com/v1/audio-analysis/4P60VVMdkWcwGMBC7r4Kgp,159600,4
54,0.498,0.94,0,-3.778,1,0.0641,0.274,0.0,0.698,0.909,161.613,audio_features,0DQsfrmX9FLnYbDg5dQCU0,spotify:track:0DQsfrmX9FLnYbDg5dQCU0,https://api.spotify.com/v1/tracks/0DQsfrmX9FLnYbDg5dQCU0,https://api.spotify.com/v1/audio-analysis/0DQsfrmX9FLnYbDg5dQCU0,241640,4
55,0.613,0.618,8,-11.831,0,0.257,0.568,0.0,0.727,0.94,172.741,audio_features,49fzPkBb3aOUWYRKaTWVhm,spotify:track:49fzPkBb3aOUWYRKaTWVhm,https://api.spotify.com/v1/tracks/49fzPkBb3aOUWYRKaTWVhm,https://api.spotify.com/v1/audio-analysis/49fzPkBb3aOUWYRKaTWVhm,118267,4
56,0.492,0.954,6,-4.574,0,0.0508,6.65e-05,0.00874,0.257,0.643,152.987,audio_features,734y7nJZ0cPOACIoT9kWyV,spotify:track:734y7nJZ0cPOACIoT9kWyV,https://api.spotify.com/v1/tracks/734y7nJZ0cPOACIoT9kWyV,https://api.spotify.com/v1/audio-analysis/734y7nJZ0cPOACIoT9kWyV,282520,4
57,0.58,0.544,2,-11.485,1,0.0445,0.856,0.638,0.322,0.92,111.465,audio_features,1AoBoAOHEE2n5iQ99ngKf6,spotify:track:1AoBoAOHEE2n5iQ99ngKf6,https://api.spotify.com/v1/tracks/1AoBoAOHEE2n5iQ99ngKf6,https://api.spotify.com/v1/audio-analysis/1AoBoAOHEE2n5iQ99ngKf6,265040,4
58,0.47,0.877,2,-3.74,1,0.208,0.0149,1.35e-06,0.171,0.433,130.709,audio_features,0ffz9KBdCb7oJkSK0W7bbf,spotify:track:0ffz9KBdCb7oJkSK0W7bbf,https://api.spotify.com/v1/tracks/0ffz9KBdCb7oJkSK0W7bbf,https://api.spotify.com/v1/audio-analysis/0ffz9KBdCb7oJkSK0W7bbf,335800,4
59,0.63,0.456,2,-11.774,1,0.0276,0.904,0.0,0.295,0.899,93.223,audio_features,4h302bPIcNoJhlBuYwyYV7,spotify:track:4h302bPIcNoJhlBuYwyYV7,https://api.spotify.com/v1/tracks/4h302bPIcNoJhlBuYwyYV7,https://api.spotify.com/v1/audio-analysis/4h302bPIcNoJhlBuYwyYV7,111200,4
60,0.584,0.431,7,-5.358,1,0.0315,0.32,0.0,0.137,0.123,137.032,audio_features,68qA74EO9cxzSWJwmOjmQR,spotify:track:68qA74EO9cxzSWJwmOjmQR,https://api.spotify.com/v1/tracks/68qA74EO9cxzSWJwmOjmQR,https://api.spotify.com/v1/audio-analysis/68qA74EO9cxzSWJwmOjmQR,226867,4
61,0.432,0.371,2,-11.016,1,0.0384,0.837,0.0131,0.506,0.425,82.213,audio_features,15wnpDEplNZHinPrAwFkzo,spotify:track:15wnpDEplNZHinPrAwFkzo,https://api.spotify.com/v1/tracks/15wnpDEplNZHinPrAwFkzo,https://api.spotify.com/v1/audio-analysis/15wnpDEplNZHinPrAwFkzo,269173,4
62,0.624,0.531,9,-8.393,1,0.0309,0.587,0.0,0.309,0.551,113.778,audio_features,6b0AtCzgnYrb7T84o18V4l,spotify:track:6b0AtCzgnYrb7T84o18V4l,https://api.spotify.com/v1/tracks/6b0AtCzgnYrb7T84o18V4l,https://api.spotify.com/v1/audio-analysis/6b0AtCzgnYrb7T84o18V4l,128200,4
63,0.554,0.644,1,-8.865,0,0.0366,0.364,0.0,0.059,0.694,112.365,audio_features,1cCaFCpZ8FKdLalzLWrklQ,spotify:track:1cCaFCpZ8FKdLalzLWrklQ,https://api.spotify.com/v1/tracks/1cCaFCpZ8FKdLalzLWrklQ,https://api.spotify.com/v1/audio-analysis/1cCaFCpZ8FKdLalzLWrklQ,159227,4
64,0.498,0.647,4,-9.058,1,0.036,0.322,0.0,0.361,0.579,130.056,audio_features,4yrloqLBKS7Pi3z7g2HDga,spotify:track:4yrloqLBKS7Pi3z7g2HDga,https://api.spotify.com/v1/tracks/4yrloqLBKS7Pi3z7g2HDga,https://api.spotify.com/v1/audio-analysis/4yrloqLBKS7Pi3z7g2HDga,178147,4
65,0.708,0.832,1,-4.736,0,0.0362,0.392,1.33e-06,0.0561,0.968,99.953,audio_features,2Iib2MV3ECFJAourgP9dlY,spotify:track:2Iib2MV3ECFJAourgP9dlY,https://api.spotify.com/v1/tracks/2Iib2MV3ECFJAourgP9dlY,https://api.spotify.com/v1/audio-analysis/2Iib2MV3ECFJAourgP9dlY,242947,4
66,0.686,0.586,6,-12.377,1,0.0356,0.153,0.000314,0.353,0.78,120.418,audio_features,0xs0ewnEb6c2DlY7LjOD7t,spotify:track:0xs0ewnEb6c2DlY7LjOD7t,https://api.spotify.com/v1/tracks/0xs0ewnEb6c2DlY7LjOD7t,https://api.spotify.com/v1/audio-analysis/0xs0ewnEb6c2DlY7LjOD7t,224547,4
67,0.316,0.484,9,-9.11,0,0.0308,0.000334,0.00445,0.0912,0.299,117.363,audio_features,3XC7Jd6SfrQYKZJ6inyRHK,spotify:track:3XC7Jd6SfrQYKZJ6inyRHK,https://api.spotify.com/v1/tracks/3XC7Jd6SfrQYKZJ6inyRHK,https://api.spotify.com/v1/audio-analysis/3XC7Jd6SfrQYKZJ6inyRHK,269907,3
68,0.556,0.175,4,-18.346,0,0.0404,0.821,0.000108,0.12,0.501,92.067,audio_features,3Fn6K2roSmzhKzp5BBJKJl,spotify:track:3Fn6K2roSmzhKzp5BBJKJl,https://api.spotify.com/v1/tracks/3Fn6K2roSmzhKzp5BBJKJl,https://api.spotify.com/v1/audio-analysis/3Fn6K2roSmzhKzp5BBJKJl,183903,4
69,0.543,0.487,4,-11.924,1,0.182,0.345,0.0,0.0962,0.457,107.303,audio_features,1iXYMhaexRwgbFnWNH0Ijo,spotify:track:1iXYMhaexRwgbFnWNH0Ijo,https://api.spotify.com/v1/tracks/1iXYMhaexRwgbFnWNH0Ijo,https://api.spotify.com/v1/audio-analysis/1iXYMhaexRwgbFnWNH0Ijo,260400,4
70,0.596,0.659,0,-9.581,0,0.0412,0.0742,0.00866,0.288,0.944,111.059,audio_features,6b9iVRI9YfOozuOOSm3jSj,spotify:track:6b9iVRI9YfOozuOOSm3jSj,https://api.spotify.com/v1/tracks/6b9iVRI9YfOozuOOSm3jSj,https://api.spotify.com/v1/audio-analysis/6b9iVRI9YfOozuOOSm3jSj,146853,4
71,0.746,0.69,0,-11.29,1,0.121,0.76,0.0,0.794,0.78,100.782,audio_features,1F4zbhudB8k1kO0oGnWODi,spotify:track:1F4zbhudB8k1kO0oGnWODi,https://api.spotify.com/v1/tracks/1F4zbhudB8k1kO0oGnWODi,https://api.spotify.com/v1/audio-analysis/1F4zbhudB8k1kO0oGnWODi,183693,4
72,0.712,0.861,1,-6.779,0,0.0428,0.0484,0.000694,0.0776,0.767,126.058,audio_features,0HtY7ILTZVSd4i44FuOrur,spotify:track:0HtY7ILTZVSd4i44FuOrur,https://api.spotify.com/v1/tracks/0HtY7ILTZVSd4i44FuOrur,https://api.spotify.com/v1/audio-analysis/0HtY7ILTZVSd4i44FuOrur,204049,4
73,0.611,0.428,10,-10.723,1,0.0474,0.834,0.00517,0.113,0.389,133.281,audio_features,5lIOhDGfy2lQJWWwxBm8L4,spotify:track:5lIOhDGfy2lQJWWwxBm8L4,https://api.spotify.com/v1/tracks/5lIOhDGfy2lQJWWwxBm8L4,https://api.spotify.com/v1/audio-analysis/5lIOhDGfy2lQJWWwxBm8L4,168627,3
74,0.324,0.408,5,-11.312,1,0.0381,0.854,1.36e-05,0.218,0.173,147.944,audio_features,0SpBUvk9AbBbeNDY91esXD,spotify:track:0SpBUvk9AbBbeNDY91esXD,https://api.spotify.com/v1/tracks/0SpBUvk9AbBbeNDY91esXD,https://api.spotify.com/v1/audio-analysis/0SpBUvk9AbBbeNDY91esXD,189027,4
75,0.717,0.826,0,-7.11,1,0.0806,0.342,0.0,0.0377,0.903,155.233,audio_features,6S7YzdhqrDEbZNGvvJQOqJ,spotify:track:6S7YzdhqrDEbZNGvvJQOqJ,https://api.spotify.com/v1/tracks/6S7YzdhqrDEbZNGvvJQOqJ,https://api.spotify.com/v1/audio-analysis/6S7YzdhqrDEbZNGvvJQOqJ,182440,3
76,0.845,0.535,9,-2.836,0,0.0889,0.187,0.000276,0.138,0.582,105.286,audio_features,0ORtLHewQnV5kADMT8iJiP,spotify:track:0ORtLHewQnV5kADMT8iJiP,https://api.spotify.com/v1/tracks/0ORtLHewQnV5kADMT8iJiP,https://api.spotify.com/v1/audio-analysis/0ORtLHewQnV5kADMT8iJiP,137960,4
77,0.624,0.976,2,-3.775,1,0.0601,0.0103,0.00447,0.314,0.939,132.927,audio_features,2OFNudaD0TiwN4PAjLudtm,spotify:track:2OFNudaD0TiwN4PAjLudtm,https://api.spotify.com/v1/tracks/2OFNudaD0TiwN4PAjLudtm,https://api.spotify.com/v1/audio-analysis/2OFNudaD0TiwN4PAjLudtm,168448,4
78,0.552,0.951,9,-6.342,0,0.186,0.219,0.0,0.32,0.638,160.087,audio_features,29icnqOmGvDWWMx87ZGsV4,spotify:track:29icnqOmGvDWWMx87ZGsV4,https://api.spotify.com/v1/tracks/29icnqOmGvDWWMx87ZGsV4,https://api.spotify.com/v1/audio-analysis/29icnqOmGvDWWMx87ZGsV4,185829,4
79,0.402,0.427,2,-11.328,0,0.0359,0.795,0.0,0.222,0.551,111.065,audio_features,4H71d1kJ8DB8J4atO8fbBl,spotify:track:4H71d1kJ8DB8J4atO8fbBl,https://api.spotify.com/v1/tracks/4H71d1kJ8DB8J4atO8fbBl,https://api.spotify.com/v1/audio-analysis/4H71d1kJ8DB8J4atO8fbBl,159560,3
80,0.732,0.892,1,-9.469,1,0.0517,0.335,0.0146,0.116,0.906,112.295,audio_features,3xbymP6jIcdN0O2PB420bz,spotify:track:3xbymP6jIcdN0O2PB420bz,https://api.spotify.com/v1/tracks/3xbymP6jIcdN0O2PB420bz,https://api.spotify.com/v1/audio-analysis/3xbymP6jIcdN0O2PB420bz,304853,4
81,0.655,0.797,2,-4.787,1,0.153,0.198,0.0,0.067,0.839,177.928,audio_features,6habFhsOp2NvshLv26DqMb,spotify:track:6habFhsOp2NvshLv26DqMb,https://api.spotify.com/v1/tracks/6habFhsOp2NvshLv26DqMb,https://api.spotify.com/v1/audio-analysis/6habFhsOp2NvshLv26DqMb,229360,4
82,0.352,0.651,3,-6.413,1,0.0851,0.435,0.0,0.609,0.4,172.357,audio_features,6ztMOMCtWcKZgMTiNfP9bC,spotify:track:6ztMOMCtWcKZgMTiNfP9bC,https://api.spotify.com/v1/tracks/6ztMOMCtWcKZgMTiNfP9bC,https://api.spotify.com/v1/audio-analysis/6ztMOMCtWcKZgMTiNfP9bC,238360,3
83,0.822,0.969,7,-11.471,0,0.0582,0.259,0.000162,0.39,0.765,128.007,audio_features,2yAVzRiEQooPEJ9SYx11L3,spotify:track:2yAVzRiEQooPEJ9SYx11L3,https://api.spotify.com/v1/tracks/2yAVzRiEQooPEJ9SYx11L3,https://api.spotify.com/v1/audio-analysis/2yAVzRiEQooPEJ9SYx11L3,283748,4
84,0.831,0.735,0,-6.254,0,0.0384,0.00397,0.0205,0.123,0.97,122.979,audio_features,5EYdTPdJD74r9EVZBztqGG,spotify:track:5EYdTPdJD74r9EVZBztqGG,https://api.spotify.com/v1/tracks/5EYdTPdJD74r9EVZBztqGG,https://api.spotify.com/v1/audio-analysis/5EYdTPdJD74r9EVZBztqGG,260507,4
85,0.649,0.647,9,-7.695,0,0.0452,0.0039,0.161,0.0686,0.405,125.02,audio_features,3850dYVgOFIXJh5U4BFEWH,spotify:track:3850dYVgOFIXJh5U4BFEWH,https://api.spotify.com/v1/tracks/3850dYVgOFIXJh5U4BFEWH,https://api.spotify.com/v1/audio-analysis/3850dYVgOFIXJh5U4BFEWH,337733,4
86,0.589,0.877,0,-6.229,0,0.046,0.00121,0.013,0.169,0.443,132.971,audio_features,55whbebR4olz2HHcRQa2kx,spotify:track:55whbebR4olz2HHcRQa2kx,https://api.spotify.com/v1/tracks/55whbebR4olz2HHcRQa2kx,https://api.spotify.com/v1/audio-analysis/55whbebR4olz2HHcRQa2kx,281880,4
87,0.81,0.962,0,-4.652,1,0.0424,0.151,0.0,0.0624,0.706,130.087,audio_features,0Q4L79GJnMRcUPhAvMeS22,spotify:track:0Q4L79GJnMRcUPhAvMeS22,https://api.spotify.com/v1/tracks/0Q4L79GJnMRcUPhAvMeS22,https://api.spotify.com/v1/audio-analysis/0Q4L79GJnMRcUPhAvMeS22,213893,4
88,0.302,0.758,5,-5.273,1,0.0424,0.202,0.0,0.881,0.669,174.704,audio_features,3trowLiYwwOoiwapLISNyk,spotify:track:3trowLiYwwOoiwapLISNyk,https://api.spotify.com/v1/tracks/3trowLiYwwOoiwapLISNyk,https://api.spotify.com/v1/audio-analysis/3trowLiYwwOoiwapLISNyk,239760,4
89,0.735,0.804,6,-6.476,0,0.0347,0.0145,0.0,0.0716,0.539,130.018,audio_features,5EExhZiAXIqw6M5FFGAiUb,spotify:track:5EExhZiAXIqw6M5FFGAiUb,https://api.spotify.com/v1/tracks/5EExhZiAXIqw6M5FFGAiUb,https://api.spotify.com/v1/audio-analysis/5EExhZiAXIqw6M5FFGAiUb,233200,4
90,0.661,0.908,5,-4.897,1,0.039,0.052,0.0,0.0708,0.656,144.091,audio_features,7aHRctaQ7vjxVTVmY8OhAA,spotify:track:7aHRctaQ7vjxVTVmY8OhAA,https://api.spotify.com/v1/tracks/7aHRctaQ7vjxVTVmY8OhAA,https://api.spotify.com/v1/audio-analysis/7aHRctaQ7vjxVTVmY8OhAA,296080,4
91,0.671,0.373,9,-18.064,1,0.0323,0.257,7.95e-05,0.0481,0.732,92.717,audio_features,2374M0fQpWi3dLnB54qaLX,spotify:track:2374M0fQpWi3dLnB54qaLX,https://api.spotify.com/v1/tracks/2374M0fQpWi3dLnB54qaLX,https://api.spotify.com/v1/audio-analysis/2374M0fQpWi3dLnB54qaLX,295893,4
92,0.624,0.842,5,-5.285,1,0.0376,0.264,2.11e-05,0.181,0.257,111.037,audio_features,1z3ugFmUKoCzGsI6jdY4Ci,spotify:track:1z3ugFmUKoCzGsI6jdY4Ci,https://api.spotify.com/v1/tracks/1z3ugFmUKoCzGsI6jdY4Ci,https://api.spotify.com/v1/audio-analysis/1z3ugFmUKoCzGsI6jdY4Ci,342680,4
93,0.643,0.839,7,-3.608,1,0.0685,0.111,0.000118,0.0989,0.835,84.645,audio_features,5CmYHW6tHT8tPbLef7mjBP,spotify:track:5CmYHW6tHT8tPbLef7mjBP,https://api.spotify.com/v1/tracks/5CmYHW6tHT8tPbLef7mjBP,https://api.spotify.com/v1/audio-analysis/5CmYHW6tHT8tPbLef7mjBP,299427,4
94,0.665,0.729,8,-2.392,1,0.0524,0.275,7.47e-06,0.0924,0.82,85.162,audio_features,3moLt93VQkbIWR12uxgaEm,spotify:track:3moLt93VQkbIWR12uxgaEm,https://api.spotify.com/v1/tracks/3moLt93VQkbIWR12uxgaEm,https://api.spotify.com/v1/audio-analysis/3moLt93VQkbIWR12uxgaEm,278280,4
95,0.717,0.679,8,-2.927,1,0.038,0.206,0.022,0.11,0.836,82.278,audio_features,4sn7bhs2VnB6OVwWJDhLA7,spotify:track:4sn7bhs2VnB6OVwWJDhLA7,https://api.spotify.com/v1/tracks/4sn7bhs2VnB6OVwWJDhLA7,https://api.spotify.com/v1/audio-analysis/4sn7bhs2VnB6OVwWJDhLA7,266320,4
96,0.647,0.507,7,-11.175,0,0.0335,0.112,2.03e-06,0.184,0.488,123.578,audio_features,1gbL6TqKuJOaUstIvMBMNc,spotify:track:1gbL6TqKuJOaUstIvMBMNc,https://api.spotify.com/v1/tracks/1gbL6TqKuJOaUstIvMBMNc,https://api.spotify.com/v1/audio-analysis/1gbL6TqKuJOaUstIvMBMNc,233240,4
97,0.617,0.533,3,-11.516,0,0.0651,0.0891,4.04e-06,0.0415,0.835,158.86,audio_features,0QKfiqpEU4h9ycPSzIFwYe,spotify:track:0QKfiqpEU4h9ycPSzIFwYe,https://api.spotify.com/v1/tracks/0QKfiqpEU4h9ycPSzIFwYe,https://api.spotify.com/v1/audio-analysis/0QKfiqpEU4h9ycPSzIFwYe,244707,4
98,0.317,0.904,6,-5.686,0,0.164,0.506,5.29e-05,0.551,0.648,173.041,audio_features,43DJZnMU894sjYBDx6HHO8,spotify:track:43DJZnMU894sjYBDx6HHO8,https://api.spotify.com/v1/tracks/43DJZnMU894sjYBDx6HHO8,https://api.spotify.com/v1/audio-analysis/43DJZnMU894sjYBDx6HHO8,97467,4
99,0.562,0.756,11,-4.541,0,0.0487,0.217,0.0,0.15,0.841,87.771,audio_features,6KzeUBu1BE8q24CblG6oku,spotify:track:6KzeUBu1BE8q24CblG6oku,https://api.spotify.com/v1/tracks/6KzeUBu1BE8q24CblG6oku,https://api.spotify.com/v1/audio-analysis/6KzeUBu1BE8q24CblG6oku,212400,4
100,0.545,0.812,9,-5.672,1,0.0609,0.028,0.00111,0.0749,0.785,159.69,audio_features,4jDhI4nE32u8meRN1aOu8u,spotify:track:4jDhI4nE32u8meRN1aOu8u,https://api.spotify.com/v1/tracks/4jDhI4nE32u8meRN1aOu8u,https://api.spotify.com/v1/audio-analysis/4jDhI4nE32u8meRN1aOu8u,245701,4
101,0.56,0.825,2,-6.711,0,0.0347,0.000785,0.00246,0.0892,0.74,142.669,audio_features,4qO03RMQm88DdpTJcxlglY,spotify:track:4qO03RMQm88DdpTJcxlglY,https://api.spotify.com/v1/tracks/4qO03RMQm88DdpTJcxlglY,https://api.spotify.com/v1/audio-analysis/4qO03RMQm88DdpTJcxlglY,212600,4
102,0.485,0.791,10,-7.719,0,0.0358,0.00433,0.0,0.132,0.431,122.08,audio_features,5O5PY5HJNPxD7KyqU0SEhH,spotify:track:5O5PY5HJNPxD7KyqU0SEhH,https://api.spotify.com/v1/tracks/5O5PY5HJNPxD7KyqU0SEhH,https://api.spotify.com/v1/audio-analysis/5O5PY5HJNPxD7KyqU0SEhH,376584,4
103,0.421,0.904,1,-6.215,1,0.0517,0.00306,0.0,0.097,0.255,113.997,audio_features,46nYeZImWSsOebaCUrfEW1,spotify:track:46nYeZImWSsOebaCUrfEW1,https://api.spotify.com/v1/tracks/46nYeZImWSsOebaCUrfEW1,https://api.spotify.com/v1/audio-analysis/46nYeZImWSsOebaCUrfEW1,323518,1
104,0.767,0.702,4,-5.952,0,0.0316,0.157,9.07e-05,0.0633,0.869,104.619,audio_features,3YCcsuRdJArE4rsAG5V3sW,spotify:track:3YCcsuRdJArE4rsAG5V3sW,https://api.spotify.com/v1/tracks/3YCcsuRdJArE4rsAG5V3sW,https://api.spotify.com/v1/audio-analysis/3YCcsuRdJArE4rsAG5V3sW,250760,4
105,0.305,0.295,5,-12.88,1,0.0369,0.884,0.0,0.0613,0.161,88.43,audio_features,6BoJ4NZ5NR8UBAYu0HFdVg,spotify:track:6BoJ4NZ5NR8UBAYu0HFdVg,https://api.spotify.com/v1/tracks/6BoJ4NZ5NR8UBAYu0HFdVg,https://api.spotify.com/v1/audio-analysis/6BoJ4NZ5NR8UBAYu0HFdVg,340027,4
106,0.642,0.491,2,-7.21,1,0.0497,0.831,0.809,0.274,0.517,91.028,audio_features,3vqyauyYbp9MqUwrCEmWJ0,spotify:track:3vqyauyYbp9MqUwrCEmWJ0,https://api.spotify.com/v1/tracks/3vqyauyYbp9MqUwrCEmWJ0,https://api.spotify.com/v1/audio-analysis/3vqyauyYbp9MqUwrCEmWJ0,146195,4
107,0.532,0.887,0,-3.757,1,0.0335,0.0778,0.000214,0.294,0.795,122.511,audio_features,37ZJ0p5Jm13JPevGcx4SkF,spotify:track:37ZJ0p5Jm13JPevGcx4SkF,https://api.spotify.com/v1/tracks/37ZJ0p5Jm13JPevGcx4SkF,https://api.spotify.com/v1/audio-analysis/37ZJ0p5Jm13JPevGcx4SkF,249293,4
108,0.309,0.596,5,-5.599,1,0.0293,0.101,0.0,0.21,0.161,164.587,audio_features,1zng9uqqXoPkmU05nsAlsw,spotify:track:1zng9uqqXoPkmU05nsAlsw,https://api.spotify.com/v1/tracks/1zng9uqqXoPkmU05nsAlsw,https://api.spotify.com/v1/audio-analysis/1zng9uqqXoPkmU05nsAlsw,394400,3
109,0.475,0.899,9,-4.321,0,0.0637,0.00375,1.91e-05,0.14,0.603,152.445,audio_features,0X1sqQ652p1sceKM2nJlIJ,spotify:track:0X1sqQ652p1sceKM2nJlIJ,https://api.spotify.com/v1/tracks/0X1sqQ652p1sceKM2nJlIJ,https://api.spotify.com/v1/audio-analysis/0X1sqQ652p1sceKM2nJlIJ,230667,4
110,0.599,0.622,0,-13.971,1,0.0296,0.359,0.00235,0.114,0.851,122.312,audio_features,1F43XlPBiwAUUIhrUGzylO,spotify:track:1F43XlPBiwAUUIhrUGzylO,https://api.spotify.com/v1/tracks/1F43XlPBiwAUUIhrUGzylO,https://api.spotify.com/v1/audio-analysis/1F43XlPBiwAUUIhrUGzylO,212173,4
111,0.489,0.483,9,-9.466,0,0.0275,0.42,0.0028,0.236,0.333,136.822,audio_features,4S1VYqwfkLit9mKVY3MXoo,spotify:track:4S1VYqwfkLit9mKVY3MXoo,https://api.spotify.com/v1/tracks/4S1VYqwfkLit9mKVY3MXoo,https://api.spotify.com/v1/audio-analysis/4S1VYqwfkLit9mKVY3MXoo,226706,4
112,0.517,0.828,4,-10.618,1,0.0568,0.229,0.00747,0.147,0.456,96.835,audio_features,0qJ3R48B67tI0SMoL9ydQ6,spotify:track:0qJ3R48B67tI0SMoL9ydQ6,https://api.spotify.com/v1/tracks/0qJ3R48B67tI0SMoL9ydQ6,https://api.spotify.com/v1/audio-analysis/0qJ3R48B67tI0SMoL9ydQ6,176920,4
113,0.883,0.817,0,-5.414,1,0.235,0.601,0.00449,0.11,0.595,128.078,audio_features,5MhsZlmKJG6X5kTHkdwC4B,spotify:track:5MhsZlmKJG6X5kTHkdwC4B,https://api.spotify.com/v1/tracks/5MhsZlmKJG6X5kTHkdwC4B,https://api.spotify.com/v1/audio-analysis/5MhsZlmKJG6X5kTHkdwC4B,166849,4
114,0.32,0.291,11,-12.972,1,0.0394,0.963,0.000457,0.102,0.0783,102.281,audio_features,11Er3qlX9yXQjhvHkmvcBD,spotify:track:11Er3qlX9yXQjhvHkmvcBD,https://api.spotify.com/v1/tracks/11Er3qlX9yXQjhvHkmvcBD,https://api.spotify.com/v1/audio-analysis/11Er3qlX9yXQjhvHkmvcBD,230933,5
115,0.451,0.349,5,-12.03,1,0.0695,0.972,0.0973,0.0895,0.397,127.175,audio_features,3ogea1u33ySkx6egV0bkLI,spotify:track:3ogea1u33ySkx6egV0bkLI,https://api.spotify.com/v1/tracks/3ogea1u33ySkx6egV0bkLI,https://api.spotify.com/v1/audio-analysis/3ogea1u33ySkx6egV0bkLI,168577,4
116,0.455,0.28,10,-15.904,1,0.0518,0.902,9.85e-06,0.589,0.414,67.61,audio_features,0dxij7NXHME26ZpkQpuLGg,spotify:track:0dxij7NXHME26ZpkQpuLGg,https://api.spotify.com/v1/tracks/0dxij7NXHME26ZpkQpuLGg,https://api.spotify.com/v1/audio-analysis/0dxij7NXHME26ZpkQpuLGg,182120,4
117,0.411,0.212,6,-12.957,1,0.0332,0.966,4.15e-06,0.0871,0.413,99.35,audio_features,1xZVE6ZxXYQdPbxLltV05t,spotify:track:1xZVE6ZxXYQdPbxLltV05t,https://api.spotify.com/v1/tracks/1xZVE6ZxXYQdPbxLltV05t,https://api.spotify.com/v1/audio-analysis/1xZVE6ZxXYQdPbxLltV05t,143707,4
118,0.352,0.251,7,-11.425,0,0.0322,0.828,7.08e-05,0.108,0.209,105.092,audio_features,0JgLZ2M1fvAmX3arRihWfv,spotify:track:0JgLZ2M1fvAmX3arRihWfv,https://api.spotify.com/v1/tracks/0JgLZ2M1fvAmX3arRihWfv,https://api.spotify.com/v1/audio-analysis/0JgLZ2M1fvAmX3arRihWfv,317960,4
119,0.4,0.812,9,-5.783,0,0.0386,0.117,0.0,0.126,0.607,88.971,audio_features,0Kc2Qh2cCLliz3v5KzuFiU,spotify:track:0Kc2Qh2cCLliz3v5KzuFiU,https://api.spotify.com/v1/tracks/0Kc2Qh2cCLliz3v5KzuFiU,https://api.spotify.com/v1/audio-analysis/0Kc2Qh2cCLliz3v5KzuFiU,222840,4
120,0.527,0.529,7,-9.692,1,0.0332,0.7,0.0236,0.0834,0.544,82.324,audio_features,27m6b42tYaQyZt13yHGoH3,spotify:track:27m6b42tYaQyZt13yHGoH3,https://api.spotify.com/v1/tracks/27m6b42tYaQyZt13yHGoH3,https://api.spotify.com/v1/audio-analysis/27m6b42tYaQyZt13yHGoH3,200000,4
121,0.334,0.477,0,-8.806,1,0.0276,0.618,4.17e-06,0.312,0.405,179.239,audio_features,78WVLOP9pN0G3gRLFy1rAa,spotify:track:78WVLOP9pN0G3gRLFy1rAa,https://api.spotify.com/v1/tracks/78WVLOP9pN0G3gRLFy1rAa,https://api.spotify.com/v1/audio-analysis/78WVLOP9pN0G3gRLFy1rAa,336200,3
122,0.47,0.897,7,-6.596,0,0.0334,0.0103,0.00332,0.0656,0.968,158.656,audio_features,2ySokxMhynpB3Vb8UWKvO0,spotify:track:2ySokxMhynpB3Vb8UWKvO0,https://api.spotify.com/v1/tracks/2ySokxMhynpB3Vb8UWKvO0,https://api.spotify.com/v1/audio-analysis/2ySokxMhynpB3Vb8UWKvO0,155893,4
123,0.618,0.699,0,-5.696,1,0.0275,0.0109,0.00022,0.26,0.61,112.33,audio_features,02ZtIbjdZKpvdeUNmY0LWp,spotify:track:02ZtIbjdZKpvdeUNmY0LWp,https://api.spotify.com/v1/tracks/02ZtIbjdZKpvdeUNmY0LWp,https://api.spotify.com/v1/audio-analysis/02ZtIbjdZKpvdeUNmY0LWp,212400,4
124,0.545,0.74,9,-8.538,1,0.0263,0.000356,0.00286,0.206,0.687,82.081,audio_features,2ybNy7okIb11z8czxvxoEg,spotify:track:2ybNy7okIb11z8czxvxoEg,https://api.spotify.com/v1/tracks/2ybNy7okIb11z8czxvxoEg,https://api.spotify.com/v1/audio-analysis/2ybNy7okIb11z8czxvxoEg,246267,4
125,0.616,0.374,9,-10.727,0,0.435,0.803,0.0,0.126,0.541,144.779,audio_features,4ys11R56hYtBpYAvYrwh7p,spotify:track:4ys11R56hYtBpYAvYrwh7p,https://api.spotify.com/v1/tracks/4ys11R56hYtBpYAvYrwh7p,https://api.spotify.com/v1/audio-analysis/4ys11R56hYtBpYAvYrwh7p,182056,3
126,0.378,0.896,2,-4.066,1,0.0407,0.000452,0.0,0.194,0.469,174.302,audio_features,5qqabIl2vWzo9ApSC317sa,spotify:track:5qqabIl2vWzo9ApSC317sa,https://api.spotify.com/v1/tracks/5qqabIl2vWzo9ApSC317sa,https://api.spotify.com/v1/audio-analysis/5qqabIl2vWzo9ApSC317sa,258773,4
127,0.444,0.869,11,-9.846,1,0.161,2.98e-05,0.177,0.109,0.506,147.033,audio_features,6pi8MHD4mXo0ZsL3efLvqq,spotify:track:6pi8MHD4mXo0ZsL3efLvqq,https://api.spotify.com/v1/tracks/6pi8MHD4mXo0ZsL3efLvqq,https://api.spotify.com/v1/audio-analysis/6pi8MHD4mXo0ZsL3efLvqq,217560,4
128,0.476,0.706,5,-10.136,1,0.217,0.0047,0.000118,0.267,0.488,169.491,audio_features,1tW6LiJGXGlReuNP38wrKb,spotify:track:1tW6LiJGXGlReuNP38wrKb,https://api.spotify.com/v1/tracks/1tW6LiJGXGlReuNP38wrKb,https://api.spotify.com/v1/audio-analysis/1tW6LiJGXGlReuNP38wrKb,334600,4
129,0.58,0.837,11,-6.454,0,0.042,0.0507,0.0,0.108,0.697,123.839,audio_features,3Zf6FUeAVlk0Rk1VIgBHlb,spotify:track:3Zf6FUeAVlk0Rk1VIgBHlb,https://api.spotify.com/v1/tracks/3Zf6FUeAVlk0Rk1VIgBHlb,https://api.spotify.com/v1/audio-analysis/3Zf6FUeAVlk0Rk1VIgBHlb,292493,4
130,0.398,0.906,4,-5.965,0,0.0474,0.0104,0.00117,0.15,0.537,126.829,audio_features,3qSsdVel7dNcpW4khZejHa,spotify:track:3qSsdVel7dNcpW4khZejHa,https://api.spotify.com/v1/tracks/3qSsdVel7dNcpW4khZejHa,https://api.spotify.com/v1/audio-analysis/3qSsdVel7dNcpW4khZejHa,248400,4
131,0.452,0.524,0,-10.108,1,0.0351,0.315,0.0,0.103,0.246,151.505,audio_features,3ovjw5HZZv43SxTwApooCM,spotify:track:3ovjw5HZZv43SxTwApooCM,https://api.spotify.com/v1/tracks/3ovjw5HZZv43SxTwApooCM,https://api.spotify.com/v1/audio-analysis/3ovjw5HZZv43SxTwApooCM,312360,4
132,0.377,0.682,7,-8.039,1,0.0299,0.000894,0.00217,0.0504,0.288,108.736,audio_features,1QEEqeFIZktqIpPI4jSVSF,spotify:track:1QEEqeFIZktqIpPI4jSVSF,https://api.spotify.com/v1/tracks/1QEEqeFIZktqIpPI4jSVSF,https://api.spotify.com/v1/audio-analysis/1QEEqeFIZktqIpPI4jSVSF,285133,4
133,0.773,0.608,7,-8.606,1,0.0492,0.146,0.00313,0.13,0.335,97.82,audio_features,3TieIQTlipul7oxGldyX09,spotify:track:3TieIQTlipul7oxGldyX09,https://api.spotify.com/v1/tracks/3TieIQTlipul7oxGldyX09,https://api.spotify.com/v1/audio-analysis/3TieIQTlipul7oxGldyX09,234693,4
134,0.437,0.875,2,-5.366,0,0.0318,0.00363,0.000532,0.29,0.724,145.474,audio_features,7EFMYtN7FFFNLzxOa9OgGC,spotify:track:7EFMYtN7FFFNLzxOa9OgGC,https://api.spotify.com/v1/tracks/7EFMYtN7FFFNLzxOa9OgGC,https://api.spotify.com/v1/audio-analysis/7EFMYtN7FFFNLzxOa9OgGC,208400,4
135,0.335,0.25,7,-14.641,0,0.0449,0.921,0.327,0.275,0.343,132.086,audio_features,6Tp87toBJElT237kpPJHka,spotify:track:6Tp87toBJElT237kpPJHka,https://api.spotify.com/v1/tracks/6Tp87toBJElT237kpPJHka,https://api.spotify.com/v1/audio-analysis/6Tp87toBJElT237kpPJHka,233840,4
136,0.429,0.784,9,-5.014,0,0.183,0.104,0.0,0.193,0.964,92.102,audio_features,3hrzlb1ZKYRZ3DSxv8Ji4U,spotify:track:3hrzlb1ZKYRZ3DSxv8Ji4U,https://api.spotify.com/v1/tracks/3hrzlb1ZKYRZ3DSxv8Ji4U,https://api.spotify.com/v1/audio-analysis/3hrzlb1ZKYRZ3DSxv8Ji4U,177182,4
137,0.766,0.733,10,-6.748,1,0.0439,0.187,0.0,0.0555,0.936,135.299,audio_features,44ZRUhwJopErgSsvJ8iH7I,spotify:track:44ZRUhwJopErgSsvJ8iH7I,https://api.spotify.com/v1/tracks/44ZRUhwJopErgSsvJ8iH7I,https://api.spotify.com/v1/audio-analysis/44ZRUhwJopErgSsvJ8iH7I,189893,4
138,0.59,0.868,5,-5.832,0,0.048,0.0962,0.000322,0.442,0.798,184.348,audio_features,1ot6jEe4w4hYnsOPjd3xKQ,spotify:track:1ot6jEe4w4hYnsOPjd3xKQ,https://api.spotify.com/v1/tracks/1ot6jEe4w4hYnsOPjd3xKQ,https://api.spotify.com/v1/audio-analysis/1ot6jEe4w4hYnsOPjd3xKQ,230640,4
139,0.783,0.836,0,-9.223,0,0.0486,0.396,0.0236,0.135,0.831,108.966,audio_features,5zWZ9iNevP0397xB3jWV2z,spotify:track:5zWZ9iNevP0397xB3jWV2z,https://api.spotify.com/v1/tracks/5zWZ9iNevP0397xB3jWV2z,https://api.spotify.com/v1/audio-analysis/5zWZ9iNevP0397xB3jWV2z,222667,4
140,0.721,0.418,11,-9.248,0,0.0439,0.6,8.93e-06,0.134,0.567,95.591,audio_features,2X6vHcXDGy5BwlBhDjT71g,spotify:track:2X6vHcXDGy5BwlBhDjT71g,https://api.spotify.com/v1/tracks/2X6vHcXDGy5BwlBhDjT71g,https://api.spotify.com/v1/audio-analysis/2X6vHcXDGy5BwlBhDjT71g,189587,3
141,0.723,0.881,5,-7.178,0,0.0743,0.349,0.000274,0.705,0.658,136.306,audio_features,5kErKPSPv8EgdZ04R3el1K,spotify:track:5kErKPSPv8EgdZ04R3el1K,https://api.spotify.com/v1/tracks/5kErKPSPv8EgdZ04R3el1K,https://api.spotify.com/v1/audio-analysis/5kErKPSPv8EgdZ04R3el1K,212680,4
142,0.601,0.861,8,-6.589,0,0.0815,0.447,2.69e-06,0.117,0.814,175.958,audio_features,62AkJ5664ea3eq1U35ism7,spotify:track:62AkJ5664ea3eq1U35ism7,https://api.spotify.com/v1/tracks/62AkJ5664ea3eq1U35ism7,https://api.spotify.com/v1/audio-analysis/62AkJ5664ea3eq1U35ism7,180240,4
143,0.711,0.967,7,-5.204,1,0.0474,0.0849,0.0,0.245,0.892,145.024,audio_features,38bDGWuyYdSdNfrFfbCiVS,spotify:track:38bDGWuyYdSdNfrFfbCiVS,https://api.spotify.com/v1/tracks/38bDGWuyYdSdNfrFfbCiVS,https://api.spotify.com/v1/audio-analysis/38bDGWuyYdSdNfrFfbCiVS,288400,4
144,0.478,0.389,4,-8.54,0,0.0546,0.779,6.66e-06,0.193,0.61,89.765,audio_features,2xZfPZxInlDXDKc6NDts8Z,spotify:track:2xZfPZxInlDXDKc6NDts8Z,https://api.spotify.com/v1/tracks/2xZfPZxInlDXDKc6NDts8Z,https://api.spotify.com/v1/audio-analysis/2xZfPZxInlDXDKc6NDts8Z,178840,3
145,0.39,0.302,8,-8.687,1,0.0321,0.984,0.0,0.0871,0.422,82.52,audio_features,4FmiciU3ZmfgABlbCSXcWw,spotify:track:4FmiciU3ZmfgABlbCSXcWw,https://api.spotify.com/v1/tracks/4FmiciU3ZmfgABlbCSXcWw,https://api.spotify.com/v1/audio-analysis/4FmiciU3ZmfgABlbCSXcWw,186973,4
146,0.385,0.283,5,-8.013,0,0.0546,0.78,0.0,0.0726,0.557,179.547,audio_features,194uD6fRM58ztn7Z1Mfyr2,spotify:track:194uD6fRM58ztn7Z1Mfyr2,https://api.spotify.com/v1/tracks/194uD6fRM58ztn7Z1Mfyr2,https://api.spotify.com/v1/audio-analysis/194uD6fRM58ztn7Z1Mfyr2,197627,3
147,0.382,0.354,7,-6.595,1,0.0289,0.858,3.11e-06,0.168,0.435,87.018,audio_features,3dkIE8P7hvl3tHl9KSb6dA,spotify:track:3dkIE8P7hvl3tHl9KSb6dA,https://api.spotify.com/v1/tracks/3dkIE8P7hvl3tHl9KSb6dA,https://api.spotify.com/v1/audio-analysis/3dkIE8P7hvl3tHl9KSb6dA,142280,4
148,0.752,0.218,11,-15.177,0,0.0653,0.000548,0.788,0.0699,0.552,130.068,audio_features,63W11KVHDOpSlh3XMQ7qMg,spotify:track:63W11KVHDOpSlh3XMQ7qMg,https://api.spotify.com/v1/tracks/63W11KVHDOpSlh3XMQ7qMg,https://api.spotify.com/v1/audio-analysis/63W11KVHDOpSlh3XMQ7qMg,180600,4
149,0.553,0.576,0,-13.458,1,0.0304,0.191,0.00664,0.0365,0.457,109.827,audio_features,3Xls4cNOwy01dtrNXb1inG,spotify:track:3Xls4cNOwy01dtrNXb1inG,https://api.spotify.com/v1/tracks/3Xls4cNOwy01dtrNXb1inG,https://api.spotify.com/v1/audio-analysis/3Xls4cNOwy01dtrNXb1inG,298333,4
150,0.137,0.922,2,-6.098,1,0.187,0.0719,0.019,0.956,0.268,76.694,audio_features,2QsOO5YLSwejpB3GB56uZ1,spotify:track:2QsOO5YLSwejpB3GB56uZ1,https://api.spotify.com/v1/tracks/2QsOO5YLSwejpB3GB56uZ1,https://api.spotify.com/v1/audio-analysis/2QsOO5YLSwejpB3GB56uZ1,570440,4
151,0.636,0.42,10,-16.767,1,0.0413,0.669,0.000318,0.345,0.943,84.674,audio_features,6lgTXW8rlTS4uGlku6SuWI,spotify:track:6lgTXW8rlTS4uGlku6SuWI,https://api.spotify.com/v1/tracks/6lgTXW8rlTS4uGlku6SuWI,https://api.spotify.com/v1/audio-analysis/6lgTXW8rlTS4uGlku6SuWI,186933,4
152,0.586,0.845,1,-7.335,0,0.046,0.0529,1.57e-06,0.0752,0.615,116.455,audio_features,4MHzXgBy7hexDe2Bto11hP,spotify:track:4MHzXgBy7hexDe2Bto11hP,https://api.spotify.com/v1/tracks/4MHzXgBy7hexDe2Bto11hP,https://api.spotify.com/v1/audio-analysis/4MHzXgBy7hexDe2Bto11hP,204373,4
153,0.641,0.796,2,-8.56,0,0.0407,0.0137,0.000115,0.358,0.727,123.229,audio_features,1wrT33b6HuKlpk9ziscEUY,spotify:track:1wrT33b6HuKlpk9ziscEUY,https://api.spotify.com/v1/tracks/1wrT33b6HuKlpk9ziscEUY,https://api.spotify.com/v1/audio-analysis/1wrT33b6HuKlpk9ziscEUY,283493,4
154,0.762,0.672,11,-6.288,0,0.0454,0.0113,1.01e-06,0.186,0.886,106.001,audio_features,2ETAQQzVNh9oSkpn0Jb9on,spotify:track:2ETAQQzVNh9oSkpn0Jb9on,https://api.spotify.com/v1/tracks/2ETAQQzVNh9oSkpn0Jb9on,https://api.spotify.com/v1/audio-analysis/2ETAQQzVNh9oSkpn0Jb9on,330520,4
155,0.619,0.913,9,-5.281,0,0.0335,0.000841,2.28e-05,0.146,0.705,122.013,audio_features,1VkRLxuW1Uiktg5gZS6enZ,spotify:track:1VkRLxuW1Uiktg5gZS6enZ,https://api.spotify.com/v1/tracks/1VkRLxuW1Uiktg5gZS6enZ,https://api.spotify.com/v1/audio-analysis/1VkRLxuW1Uiktg5gZS6enZ,209520,4
156,0.722,0.961,9,-4.812,1,0.0514,0.0883,0.61,0.278,0.91,126.113,audio_features,4XX1pFUkQOZTYp6Hb6a6Ae,spotify:track:4XX1pFUkQOZTYp6Hb6a6Ae,https://api.spotify.com/v1/tracks/4XX1pFUkQOZTYp6Hb6a6Ae,https://api.spotify.com/v1/audio-analysis/4XX1pFUkQOZTYp6Hb6a6Ae,229165,4
157,0.677,0.616,10,-13.826,1,0.032,0.458,0.0132,0.349,0.851,114.223,audio_features,2aEuA8PSqLa17Y4hKPj5rr,spotify:track:2aEuA8PSqLa17Y4hKPj5rr,https://api.spotify.com/v1/tracks/2aEuA8PSqLa17Y4hKPj5rr,https://api.spotify.com/v1/audio-analysis/2aEuA8PSqLa17Y4hKPj5rr,226333,4
158,0.752,0.938,1,-4.08,0,0.0381,0.00455,0.00472,0.0855,0.967,119.322,audio_features,1bNYIF1HZlWJe8ZKmTIFfT,spotify:track:1bNYIF1HZlWJe8ZKmTIFfT,https://api.spotify.com/v1/tracks/1bNYIF1HZlWJe8ZKmTIFfT,https://api.spotify.com/v1/audio-analysis/1bNYIF1HZlWJe8ZKmTIFfT,230267,4
159,0.683,0.772,7,-7.907,0,0.0311,0.0222,0.0149,0.203,0.737,123.871,audio_features,2ahnofp2LbBWDXcJbMaSTu,spotify:track:2ahnofp2LbBWDXcJbMaSTu,https://api.spotify.com/v1/tracks/2ahnofp2LbBWDXcJbMaSTu,https://api.spotify.com/v1/audio-analysis/2ahnofp2LbBWDXcJbMaSTu,270373,4
160,0.625,0.75,9,-9.81,1,0.0299,0.183,0.0419,0.307,0.631,134.725,audio_features,3tjprNHiTDqxlaq86R5yk4,spotify:track:3tjprNHiTDqxlaq86R5yk4,https://api.spotify.com/v1/tracks/3tjprNHiTDqxlaq86R5yk4,https://api.spotify.com/v1/audio-analysis/3tjprNHiTDqxlaq86R5yk4,191168,4
161,0.812,0.666,1,-5.655,0,0.0365,0.276,1.03e-06,0.0825,0.829,91.84,audio_features,2OzSJG7HmZYTiggNoGujZP,spotify:track:2OzSJG7HmZYTiggNoGujZP,https://api.spotify.com/v1/tracks/2OzSJG7HmZYTiggNoGujZP,https://api.spotify.com/v1/audio-analysis/2OzSJG7HmZYTiggNoGujZP,210587,4
162,0.28,0.908,2,-5.509,0,0.109,0.0327,8.85e-06,0.18,0.26,118.698,audio_features,5XcZRgJv3zMhTqCyESjQrF,spotify:track:5XcZRgJv3zMhTqCyESjQrF,https://api.spotify.com/v1/tracks/5XcZRgJv3zMhTqCyESjQrF,https://api.spotify.com/v1/audio-analysis/5XcZRgJv3zMhTqCyESjQrF,270080,4
163,0.652,0.917,6,-6.72,1,0.0548,0.0082,0.0,0.0509,0.459,132.975,audio_features,2goLsvvODILDzeeiT4dAoR,spotify:track:2goLsvvODILDzeeiT4dAoR,https://api.spotify.com/v1/tracks/2goLsvvODILDzeeiT4dAoR,https://api.spotify.com/v1/audio-analysis/2goLsvvODILDzeeiT4dAoR,239027,4
164,0.802,0.75,5,-7.082,0,0.0458,0.148,2.44e-06,0.12,0.961,135.756,audio_features,1Oxwi0l7RChRxsCghUG3lK,spotify:track:1Oxwi0l7RChRxsCghUG3lK,https://api.spotify.com/v1/tracks/1Oxwi0l7RChRxsCghUG3lK,https://api.spotify.com/v1/audio-analysis/1Oxwi0l7RChRxsCghUG3lK,232333,4
165,0.852,0.87,7,-4.602,1,0.0356,0.241,3.54e-06,0.308,0.973,131.696,audio_features,0hHTvWEYWhYueCwvEio3p2,spotify:track:0hHTvWEYWhYueCwvEio3p2,https://api.spotify.com/v1/tracks/0hHTvWEYWhYueCwvEio3p2,https://api.spotify.com/v1/audio-analysis/0hHTvWEYWhYueCwvEio3p2,196707,4
166,0.72,0.852,5,-5.768,0,0.0344,0.173,0.0,0.172,0.857,129.463,audio_features,6Tw8PTRYKt5xnOmfHlIQTO,spotify:track:6Tw8PTRYKt5xnOmfHlIQTO,https://api.spotify.com/v1/tracks/6Tw8PTRYKt5xnOmfHlIQTO,https://api.spotify.com/v1/audio-analysis/6Tw8PTRYKt5xnOmfHlIQTO,137147,4
167,0.686,0.776,1,-3.601,1,0.0837,0.16,1.02e-05,0.133,0.94,179.915,audio_features,4bWdlExSeKAotB6uJwxFlf,spotify:track:4bWdlExSeKAotB6uJwxFlf,https://api.spotify.com/v1/tracks/4bWdlExSeKAotB6uJwxFlf,https://api.spotify.com/v1/audio-analysis/4bWdlExSeKAotB6uJwxFlf,248787,4
168,0.73,0.622,1,-5.774,1,0.0371,0.132,0.0,0.258,0.837,83.742,audio_features,3dNA2MGyfZU4rdUVwoWI3V,spotify:track:3dNA2MGyfZU4rdUVwoWI3V,https://api.spotify.com/v1/tracks/3dNA2MGyfZU4rdUVwoWI3V,https://api.spotify.com/v1/audio-analysis/3dNA2MGyfZU4rdUVwoWI3V,210707,4
169,0.53,0.791,9,-7.125,0,0.0521,0.0727,4.98e-06,0.189,0.511,132.98,audio_features,2HXNn7MQBhecidoC4h6KgX,spotify:track:2HXNn7MQBhecidoC4h6KgX,https://api.spotify.com/v1/tracks/2HXNn7MQBhecidoC4h6KgX,https://api.spotify.com/v1/audio-analysis/2HXNn7MQBhecidoC4h6KgX,359240,4
170,0.626,0.799,11,-6.612,0,0.046,0.000358,0.00155,0.36,0.369,98.992,audio_features,3clsCV1f1E9u1Fge9ntulk,spotify:track:3clsCV1f1E9u1Fge9ntulk,https://api.spotify.com/v1/tracks/3clsCV1f1E9u1Fge9ntulk,https://api.spotify.com/v1/audio-analysis/3clsCV1f1E9u1Fge9ntulk,274213,4
171,0.567,0.585,2,-10.265,0,0.025,0.191,3.1e-05,0.241,0.383,83.931,audio_features,3NBwVbWQgGaeitzznzWiyI,spotify:track:3NBwVbWQgGaeitzznzWiyI,https://api.spotify.com/v1/tracks/3NBwVbWQgGaeitzznzWiyI,https://api.spotify.com/v1/audio-analysis/3NBwVbWQgGaeitzznzWiyI,348560,4
172,0.949,0.661,5,-4.244,0,0.0572,0.0302,0.0,0.0454,0.76,104.504,audio_features,3yfqSUWxFvZELEM4PmlwIR,spotify:track:3yfqSUWxFvZELEM4PmlwIR,https://api.spotify.com/v1/tracks/3yfqSUWxFvZELEM4PmlwIR,https://api.spotify.com/v1/audio-analysis/3yfqSUWxFvZELEM4PmlwIR,284200,4
173,0.756,0.723,9,-6.833,0,0.126,0.657,0.0124,0.169,0.691,113.513,audio_features,7bNrnbvRytCjxAhqhqzo0h,spotify:track:7bNrnbvRytCjxAhqhqzo0h,https://api.spotify.com/v1/tracks/7bNrnbvRytCjxAhqhqzo0h,https://api.spotify.com/v1/audio-analysis/7bNrnbvRytCjxAhqhqzo0h,127427,4
174,0.477,0.403,9,-6.221,0,0.0688,0.871,0.0,0.26,0.562,173.964,audio_features,00NHHAISgHT0YF4t9uj286,spotify:track:00NHHAISgHT0YF4t9uj286,https://api.spotify.com/v1/tracks/00NHHAISgHT0YF4t9uj286,https://api.spotify.com/v1/audio-analysis/00NHHAISgHT0YF4t9uj286,199040,3
175,0.756,0.55,2,-4.939,0,0.0561,0.0859,0.000463,0.166,0.893,84.981,audio_features,5tjqwBcn9WsaoaqS2oGJq2,spotify:track:5tjqwBcn9WsaoaqS2oGJq2,https://api.spotify.com/v1/tracks/5tjqwBcn9WsaoaqS2oGJq2,https://api.spotify.com/v1/audio-analysis/5tjqwBcn9WsaoaqS2oGJq2,308338,4
176,0.659,0.581,2,-4.936,1,0.0358,0.107,0.0,0.242,0.791,84.019,audio_features,7sp3ANvVq6FH67nXb6q1yA,spotify:track:7sp3ANvVq6FH67nXb6q1yA,https://api.spotify.com/v1/tracks/7sp3ANvVq6FH67nXb6q1yA,https://api.spotify.com/v1/audio-analysis/7sp3ANvVq6FH67nXb6q1yA,229460,4
177,0.62,0.813,11,-6.115,0,0.0307,0.29,0.000109,0.143,0.832,129.38,audio_features,76resiPGue5Cum9rLUKCj0,spotify:track:76resiPGue5Cum9rLUKCj0,https://api.spotify.com/v1/tracks/76resiPGue5Cum9rLUKCj0,https://api.spotify.com/v1/audio-analysis/76resiPGue5Cum9rLUKCj0,148093,4
178,0.723,0.914,7,-5.598,0,0.0663,0.0726,2.12e-05,0.95,0.968,101.181,audio_features,0QQHPRbgLJJ5XNzJV1l9BW,spotify:track:0QQHPRbgLJJ5XNzJV1l9BW,https://api.spotify.com/v1/tracks/0QQHPRbgLJJ5XNzJV1l9BW,https://api.spotify.com/v1/audio-analysis/0QQHPRbgLJJ5XNzJV1l9BW,262573,4
179,0.525,0.807,2,-6.366,0,0.0725,0.251,0.0,0.0504,0.741,155.397,audio_features,734dz1YaFITwawPpM25fSt,spotify:track:734dz1YaFITwawPpM25fSt,https://api.spotify.com/v1/tracks/734dz1YaFITwawPpM25fSt,https://api.spotify.com/v1/audio-analysis/734dz1YaFITwawPpM25fSt,215933,4
180,0.843,0.645,10,-8.252,0,0.0407,0.0754,0.000608,0.0926,0.908,142.549,audio_features,3P6dtHhJmdg1vfyc8KRLLr,spotify:track:3P6dtHhJmdg1vfyc8KRLLr,https://api.spotify.com/v1/tracks/3P6dtHhJmdg1vfyc8KRLLr,https://api.spotify.com/v1/audio-analysis/3P6dtHhJmdg1vfyc8KRLLr,222787,4
181,0.694,0.872,5,-7.217,0,0.0415,0.0389,0.0302,0.362,0.89,110.468,audio_features,2ZbmiBfA3nbpJoSlzBKbHk,spotify:track:2ZbmiBfA3nbpJoSlzBKbHk,https://api.spotify.com/v1/tracks/2ZbmiBfA3nbpJoSlzBKbHk,https://api.spotify.com/v1/audio-analysis/2ZbmiBfA3nbpJoSlzBKbHk,215360,4
182,0.583,0.528,4,-9.067,0,0.268,0.856,0.0,0.527,0.446,92.766,audio_features,7rb5qQHrnnwUwS4udW6J8H,spotify:track:7rb5qQHrnnwUwS4udW6J8H,https://api.spotify.com/v1/tracks/7rb5qQHrnnwUwS4udW6J8H,https://api.spotify.com/v1/audio-analysis/7rb5qQHrnnwUwS4udW6J8H,208133,4
183,0.652,0.609,9,-9.684,0,0.028,0.298,8.79e-06,0.0573,0.646,98.125,audio_features,2VN7uPrbryJ7nE2MXX3f9a,spotify:track:2VN7uPrbryJ7nE2MXX3f9a,https://api.spotify.com/v1/tracks/2VN7uPrbryJ7nE2MXX3f9a,https://api.spotify.com/v1/audio-analysis/2VN7uPrbryJ7nE2MXX3f9a,230107,4
184,0.609,0.912,5,-6.868,0,0.0367,0.0255,2.94e-05,0.371,0.617,137.003,audio_features,4Qa5B6UkVBcMua4zWT5j3g,spotify:track:4Qa5B6UkVBcMua4zWT5j3g,https://api.spotify.com/v1/tracks/4Qa5B6UkVBcMua4zWT5j3g,https://api.spotify.com/v1/audio-analysis/4Qa5B6UkVBcMua4zWT5j3g,310400,4
185,0.556,0.924,0,-2.813,0,0.213,0.556,2.87e-06,0.208,0.947,99.216,audio_features,3gqvoaaF2xQmQ6uCD48PWY,spotify:track:3gqvoaaF2xQmQ6uCD48PWY,https://api.spotify.com/v1/tracks/3gqvoaaF2xQmQ6uCD48PWY,https://api.spotify.com/v1/audio-analysis/3gqvoaaF2xQmQ6uCD48PWY,210210,4
186,0.672,0.854,0,-6.741,0,0.0301,0.00716,1.62e-06,0.117,0.725,153.579,audio_features,4BNgHaHriMcnpeR7qdkojU,spotify:track:4BNgHaHriMcnpeR7qdkojU,https://api.spotify.com/v1/tracks/4BNgHaHriMcnpeR7qdkojU,https://api.spotify.com/v1/audio-analysis/4BNgHaHriMcnpeR7qdkojU,250000,4
187,0.635,0.832,0,-8.235,1,0.0699,0.583,1.41e-05,0.203,0.878,151.623,audio_features,4LM0QzTZldkZ4TmLtbUIYb,spotify:track:4LM0QzTZldkZ4TmLtbUIYb,https://api.spotify.com/v1/tracks/4LM0QzTZldkZ4TmLtbUIYb,https://api.spotify.com/v1/audio-analysis/4LM0QzTZldkZ4TmLtbUIYb,128333,3
188,0.69,0.812,1,-7.452,0,0.0327,0.165,4.15e-05,0.0905,0.251,102.824,audio_features,4ynh6SYokrNc1E6fHKSTht,spotify:track:4ynh6SYokrNc1E6fHKSTht,https://api.spotify.com/v1/tracks/4ynh6SYokrNc1E6fHKSTht,https://api.spotify.com/v1/audio-analysis/4ynh6SYokrNc1E6fHKSTht,227133,4
189,0.68,0.701,0,-10.46,1,0.0275,0.0341,0.00479,0.114,0.824,103.789,audio_features,40hIuxoe1aHcfnjOjl6Tkj,spotify:track:40hIuxoe1aHcfnjOjl6Tkj,https://api.spotify.com/v1/tracks/40hIuxoe1aHcfnjOjl6Tkj,https://api.spotify.com/v1/audio-analysis/40hIuxoe1aHcfnjOjl6Tkj,253593,4
190,0.855,0.48,1,-8.902,1,0.0588,0.254,2.16e-05,0.151,0.798,97.793,audio_features,3ErsOxqe2RmXkR65wkygDz,spotify:track:3ErsOxqe2RmXkR65wkygDz,https://api.spotify.com/v1/tracks/3ErsOxqe2RmXkR65wkygDz,https://api.spotify.com/v1/audio-analysis/3ErsOxqe2RmXkR65wkygDz,230240,4
191,0.587,0.572,2,-9.656,1,0.0413,0.363,0.0871,0.0915,0.471,115.466,audio_features,5JjdJK0uGRUk4skRTuQdUZ,spotify:track:5JjdJK0uGRUk4skRTuQdUZ,https://api.spotify.com/v1/tracks/5JjdJK0uGRUk4skRTuQdUZ,https://api.spotify.com/v1/audio-analysis/5JjdJK0uGRUk4skRTuQdUZ,434373,4
192,0.397,0.499,2,-10.972,1,0.0685,0.0766,1.55e-06,0.111,0.367,171.067,audio_features,6gJdDnF2TzfA1WPMXuCa3x,spotify:track:6gJdDnF2TzfA1WPMXuCa3x,https://api.spotify.com/v1/tracks/6gJdDnF2TzfA1WPMXuCa3x,https://api.spotify.com/v1/audio-analysis/6gJdDnF2TzfA1WPMXuCa3x,327400,4
193,0.435,0.931,9,-5.055,0,0.0725,0.0418,0.000293,0.0846,0.387,153.475,audio_features,0r8H7m8knNVn3iUXwQCnVo,spotify:track:0r8H7m8knNVn3iUXwQCnVo,https://api.spotify.com/v1/tracks/0r8H7m8knNVn3iUXwQCnVo,https://api.spotify.com/v1/audio-analysis/0r8H7m8knNVn3iUXwQCnVo,265933,4
194,0.603,0.929,4,-4.549,0,0.0407,0.0121,0.00217,0.131,0.537,101.208,audio_features,71awpJoi5bqGMBrTkHDDoL,spotify:track:71awpJoi5bqGMBrTkHDDoL,https://api.spotify.com/v1/tracks/71awpJoi5bqGMBrTkHDDoL,https://api.spotify.com/v1/audio-analysis/71awpJoi5bqGMBrTkHDDoL,292267,4
195,0.666,0.972,8,-2.313,0,0.0388,0.00825,0.00019,0.351,0.764,136.002,audio_features,4xgC8lw1vVS0gJatMDlKAe,spotify:track:4xgC8lw1vVS0gJatMDlKAe,https://api.spotify.com/v1/tracks/4xgC8lw1vVS0gJatMDlKAe,https://api.spotify.com/v1/audio-analysis/4xgC8lw1vVS0gJatMDlKAe,271507,4
196,0.359,0.6,1,-5.903,1,0.0318,0.572,0.0,0.164,0.251,154.154,audio_features,497lQdlYvqdGxkbs0O5fPW,spotify:track:497lQdlYvqdGxkbs0O5fPW,https://api.spotify.com/v1/tracks/497lQdlYvqdGxkbs0O5fPW,https://api.spotify.com/v1/audio-analysis/497lQdlYvqdGxkbs0O5fPW,379507,4
197,0.475,0.322,7,-10.687,1,0.0283,0.367,0.00056,0.11,0.387,93.503,audio_features,6zeE5tKyr8Nu882DQhhSQI,spotify:track:6zeE5tKyr8Nu882DQhhSQI,https://api.spotify.com/v1/tracks/6zeE5tKyr8Nu882DQhhSQI,https://api.spotify.com/v1/audio-analysis/6zeE5tKyr8Nu882DQhhSQI,206267,4
198,0.813,0.325,4,-10.617,0,0.0636,0.875,0.000113,0.0922,0.214,119.979,audio_features,7yW7zbnGD9C3ObVPTBW9yQ,spotify:track:7yW7zbnGD9C3ObVPTBW9yQ,https://api.spotify.com/v1/tracks/7yW7zbnGD9C3ObVPTBW9yQ,https://api.spotify.com/v1/audio-analysis/7yW7zbnGD9C3ObVPTBW9yQ,224789,3
199,0.758,0.41,0,-11.8,1,0.0404,0.0129,0.000102,0.0875,0.34,119.197,audio_features,0XHGKdViVybbZKqEZ2tXqV,spotify:track:0XHGKdViVybbZKqEZ2tXqV,https://api.spotify.com/v1/tracks/0XHGKdViVybbZKqEZ2tXqV,https://api.spotify.com/v1/audio-analysis/0XHGKdViVybbZKqEZ2tXqV,254627,4
200,0.719,0.949,2,-6.288,0,0.0345,0.004,0.857,0.0791,0.861,130.007,audio_features,7AtoMmLJREWLdN30gOBRn6,spotify:track:7AtoMmLJREWLdN30gOBRn6,https://api.spotify.com/v1/tracks/7AtoMmLJREWLdN30gOBRn6,https://api.spotify.com/v1/audio-analysis/7AtoMmLJREWLdN30gOBRn6,254733,4
201,0.461,0.986,8,-3.031,1,0.14,0.00607,0.897,0.126,0.64,132.833,audio_features,3KOTtBsb5zxkeMVAzxMgmu,spotify:track:3KOTtBsb5zxkeMVAzxMgmu,https://api.spotify.com/v1/tracks/3KOTtBsb5zxkeMVAzxMgmu,https://api.spotify.com/v1/audio-analysis/3KOTtBsb5zxkeMVAzxMgmu,156533,4
202,0.644,0.508,9,-13.678,1,0.0433,0.107,8.3e-05,0.15,0.883,155.633,audio_features,0u5w3ehyNtTgSPvKVMU2xv,spotify:track:0u5w3ehyNtTgSPvKVMU2xv,https://api.spotify.com/v1/tracks/0u5w3ehyNtTgSPvKVMU2xv,https://api.spotify.com/v1/audio-analysis/0u5w3ehyNtTgSPvKVMU2xv,266787,4
203,0.462,0.928,9,-6.09,1,0.0453,0.272,3.74e-06,0.781,0.927,160.236,audio_features,5MK642wCaNr9hRDZ3kWyDX,spotify:track:5MK642wCaNr9hRDZ3kWyDX,https://api.spotify.com/v1/tracks/5MK642wCaNr9hRDZ3kWyDX,https://api.spotify.com/v1/audio-analysis/5MK642wCaNr9hRDZ3kWyDX,344280,4
204,0.571,0.572,8,-6.468,1,0.204,0.845,0.0592,0.7,0.557,104.397,audio_features,4nuPKo22z8NqAK2oiLtAZS,spotify:track:4nuPKo22z8NqAK2oiLtAZS,https://api.spotify.com/v1/tracks/4nuPKo22z8NqAK2oiLtAZS,https://api.spotify.com/v1/audio-analysis/4nuPKo22z8NqAK2oiLtAZS,279365,4
205,0.71,0.799,6,-4.897,1,0.0328,0.22,0.000602,0.349,0.725,120.372,audio_features,4y1LsJpmMti1PfRQV9AWWe,spotify:track:4y1LsJpmMti1PfRQV9AWWe,https://api.spotify.com/v1/tracks/4y1LsJpmMti1PfRQV9AWWe,https://api.spotify.com/v1/audio-analysis/4y1LsJpmMti1PfRQV9AWWe,238267,4
206,0.354,0.689,0,-5.133,1,0.0326,0.0145,0.0,0.0847,0.139,147.539,audio_features,6itU43RZ2hOye1ocIP7xbI,spotify:track:6itU43RZ2hOye1ocIP7xbI,https://api.spotify.com/v1/tracks/6itU43RZ2hOye1ocIP7xbI,https://api.spotify.com/v1/audio-analysis/6itU43RZ2hOye1ocIP7xbI,330400,3
207,0.617,0.835,9,-5.536,1,0.0517,0.0188,2.61e-06,0.752,0.476,104.103,audio_features,2Rqd2WmHTAxmqkOWW13yCb,spotify:track:2Rqd2WmHTAxmqkOWW13yCb,https://api.spotify.com/v1/tracks/2Rqd2WmHTAxmqkOWW13yCb,https://api.spotify.com/v1/audio-analysis/2Rqd2WmHTAxmqkOWW13yCb,347460,4
208,0.756,0.8,5,-5.158,1,0.0329,0.211,0.000723,0.047,0.967,118.921,audio_features,6xepovPqjvrkEw9Y5AMmTm,spotify:track:6xepovPqjvrkEw9Y5AMmTm,https://api.spotify.com/v1/tracks/6xepovPqjvrkEw9Y5AMmTm,https://api.spotify.com/v1/audio-analysis/6xepovPqjvrkEw9Y5AMmTm,207467,4
209,0.701,0.979,7,-4.861,0,0.048,0.00328,0.308,0.416,0.612,134.013,audio_features,4Fqm5rqB0WMx0hPOwgRjFr,spotify:track:4Fqm5rqB0WMx0hPOwgRjFr,https://api.spotify.com/v1/tracks/4Fqm5rqB0WMx0hPOwgRjFr,https://api.spotify.com/v1/audio-analysis/4Fqm5rqB0WMx0hPOwgRjFr,263163,4
210,0.874,0.824,1,-8.172,1,0.0351,0.294,0.0,0.248,0.946,120.972,audio_features,3x9gN89nlVEX4ApABJIzWn,spotify:track:3x9gN89nlVEX4ApABJIzWn,https://api.spotify.com/v1/tracks/3x9gN89nlVEX4ApABJIzWn,https://api.spotify.com/v1/audio-analysis/3x9gN89nlVEX4ApABJIzWn,280493,4
211,0.103,0.384,0,-16.401,0,0.0556,0.549,0.897,0.111,0.0747,79.262,audio_features,4u4VElxO7JM4IR4jR4TL1s,spotify:track:4u4VElxO7JM4IR4jR4TL1s,https://api.spotify.com/v1/tracks/4u4VElxO7JM4IR4jR4TL1s,https://api.spotify.com/v1/audio-analysis/4u4VElxO7JM4IR4jR4TL1s,326773,4
212,0.465,0.687,10,-10.964,1,0.0495,0.0206,0.929,0.121,0.13,70.507,audio_features,08QaHlMPWuO5PUxjl61bXn,spotify:track:08QaHlMPWuO5PUxjl61bXn,https://api.spotify.com/v1/tracks/08QaHlMPWuO5PUxjl61bXn,https://api.spotify.com/v1/audio-analysis/08QaHlMPWuO5PUxjl61bXn,90427,4
213,0.22,0.631,7,-3.282,0,0.0351,0.892,0.577,0.121,0.423,104.621,audio_features,5K2OuUEVN3eh581IpggOH1,spotify:track:5K2OuUEVN3eh581IpggOH1,https://api.spotify.com/v1/tracks/5K2OuUEVN3eh581IpggOH1,https://api.spotify.com/v1/audio-analysis/5K2OuUEVN3eh581IpggOH1,132654,3
214,0.58,0.513,9,-8.33,1,0.0324,0.474,0.00181,0.129,0.726,120.089,audio_features,5eWsaeXB1uInflcLm9XvL0,spotify:track:5eWsaeXB1uInflcLm9XvL0,https://api.spotify.com/v1/tracks/5eWsaeXB1uInflcLm9XvL0,https://api.spotify.com/v1/audio-analysis/5eWsaeXB1uInflcLm9XvL0,227973,4
215,0.383,0.659,4,-5.558,1,0.0312,0.117,0.0,0.0778,0.327,140.795,audio_features,2RChe0r2cMoyOvuKobZy44,spotify:track:2RChe0r2cMoyOvuKobZy44,https://api.spotify.com/v1/tracks/2RChe0r2cMoyOvuKobZy44,https://api.spotify.com/v1/audio-analysis/2RChe0r2cMoyOvuKobZy44,353027,4
216,0.68,0.826,9,-4.958,1,0.0671,0.0683,0.444,0.0861,0.963,158.314,audio_features,5sgVguJJlA7thC8ybAFOo5,spotify:track:5sgVguJJlA7thC8ybAFOo5,https://api.spotify.com/v1/tracks/5sgVguJJlA7thC8ybAFOo5,https://api.spotify.com/v1/audio-analysis/5sgVguJJlA7thC8ybAFOo5,251867,4
217,0.309,0.926,11,-4.245,0,0.0882,0.00882,4.37e-05,0.228,0.74,153.266,audio_features,3tBCmnyX73X9u6fXHmZCC9,spotify:track:3tBCmnyX73X9u6fXHmZCC9,https://api.spotify.com/v1/tracks/3tBCmnyX73X9u6fXHmZCC9,https://api.spotify.com/v1/audio-analysis/3tBCmnyX73X9u6fXHmZCC9,254787,4
218,0.356,0.979,4,-6.617,1,0.0603,0.0179,0.119,0.956,0.712,176.98,audio_features,6AWlEpAntLxYD3sOQJm3EC,spotify:track:6AWlEpAntLxYD3sOQJm3EC,https://api.spotify.com/v1/tracks/6AWlEpAntLxYD3sOQJm3EC,https://api.spotify.com/v1/audio-analysis/6AWlEpAntLxYD3sOQJm3EC,306067,4
219,0.443,0.62,9,-11.105,0,0.0432,0.565,2.09e-06,0.0742,0.406,132.763,audio_features,627NtjklwCyGQrTLvTfjeQ,spotify:track:627NtjklwCyGQrTLvTfjeQ,https://api.spotify.com/v1/tracks/627NtjklwCyGQrTLvTfjeQ,https://api.spotify.com/v1/audio-analysis/627NtjklwCyGQrTLvTfjeQ,230973,4
220,0.743,0.433,7,-10.271,1,0.123,0.731,8.7e-05,0.0813,0.417,150.175,audio_features,5K3fjo3ZqtEYXAonWnGyGS,spotify:track:5K3fjo3ZqtEYXAonWnGyGS,https://api.spotify.com/v1/tracks/5K3fjo3ZqtEYXAonWnGyGS,https://api.spotify.com/v1/audio-analysis/5K3fjo3ZqtEYXAonWnGyGS,136459,3
221,0.508,0.578,9,-11.806,0,0.0402,0.0137,1.85e-05,0.147,0.825,118.161,audio_features,7mKTEflqf7xb9QZTQDJHou,spotify:track:7mKTEflqf7xb9QZTQDJHou,https://api.spotify.com/v1/tracks/7mKTEflqf7xb9QZTQDJHou,https://api.spotify.com/v1/audio-analysis/7mKTEflqf7xb9QZTQDJHou,236667,4
222,0.153,0.417,1,-11.587,1,0.0318,0.434,0.000622,0.211,0.166,80.87,audio_features,1bKQ48M9onID2kbSpRy8kK,spotify:track:1bKQ48M9onID2kbSpRy8kK,https://api.spotify.com/v1/tracks/1bKQ48M9onID2kbSpRy8kK,https://api.spotify.com/v1/audio-analysis/1bKQ48M9onID2kbSpRy8kK,273333,3
223,0.604,0.709,8,-6.377,1,0.158,0.0987,0.0,0.0551,0.907,167.832,audio_features,1INWPr855fwWdAOeecbu0W,spotify:track:1INWPr855fwWdAOeecbu0W,https://api.spotify.com/v1/tracks/1INWPr855fwWdAOeecbu0W,https://api.spotify.com/v1/audio-analysis/1INWPr855fwWdAOeecbu0W,137360,4
224,0.567,0.235,0,-9.192,1,0.0889,0.903,0.0,0.105,0.518,87.658,audio_features,6zJmq67h7hlhueQhl8Va0V,spotify:track:6zJmq67h7hlhueQhl8Va0V,https://api.spotify.com/v1/tracks/6zJmq67h7hlhueQhl8Va0V,https://api.spotify.com/v1/audio-analysis/6zJmq67h7hlhueQhl8Va0V,168597,4
225,0.429,0.258,7,-16.967,0,0.0549,0.957,0.893,0.115,0.0972,78.809,audio_features,3Dgmyz32dxvtxvUTPS0CUI,spotify:track:3Dgmyz32dxvtxvUTPS0CUI,https://api.spotify.com/v1/tracks/3Dgmyz32dxvtxvUTPS0CUI,https://api.spotify.com/v1/audio-analysis/3Dgmyz32dxvtxvUTPS0CUI,112353,1
226,0.754,0.366,8,-10.07,1,0.0312,0.273,9.04e-05,0.106,0.469,91.147,audio_features,1KU5EHSz04JhGg3rReGJ0N,spotify:track:1KU5EHSz04JhGg3rReGJ0N,https://api.spotify.com/v1/tracks/1KU5EHSz04JhGg3rReGJ0N,https://api.spotify.com/v1/audio-analysis/1KU5EHSz04JhGg3rReGJ0N,287440,4
227,0.509,0.46,6,-8.474,1,0.0335,0.523,0.0,0.112,0.291,133.016,audio_features,6ofMKJjMpfDEb48JYEAgjX,spotify:track:6ofMKJjMpfDEb48JYEAgjX,https://api.spotify.com/v1/tracks/6ofMKJjMpfDEb48JYEAgjX,https://api.spotify.com/v1/audio-analysis/6ofMKJjMpfDEb48JYEAgjX,202286,4
228,0.43,0.295,2,-14.255,1,0.0283,0.698,0.569,0.226,0.159,74.014,audio_features,5avVpUakfMHD6qGpaH26CF,spotify:track:5avVpUakfMHD6qGpaH26CF,https://api.spotify.com/v1/tracks/5avVpUakfMHD6qGpaH26CF,https://api.spotify.com/v1/audio-analysis/5avVpUakfMHD6qGpaH26CF,278200,3
